{"type":"FeatureCollection","features":[{"type":"Feature","properties":{"name":"Medell\u00edn \u279c Cocorn\u00e1","mode":"bus","order":1},"geometry":{"type":"LineString","coordinates":[[-75.58118,6.24423],[-75.58154,6.24446],[-75.58079,6.24564],[-75.57937,6.24414],[-75.57781,6.23947],[-75.57816,6.23928],[-75.57812,6.2396],[-75.57637,6.23959],[-75.57566,6.23891],[-75.57492,6.23908],[-75.56868,6.23639],[-75.56775,6.23405],[-75.56606,6.23156],[-75.56666,6.22836],[-75.56501,6.2265],[-75.56423,6.22642],[-75.56399,6.22707],[-75.56496,6.22793],[-75.5649,6.22859],[-75.56346,6.22939],[-75.56117,6.22604],[-75.56086,6.22489],[-75.5602,6.22492],[-75.55981,6.22708],[-75.55928,6.22666],[-75.55961,6.22313],[-75.5604,6.22317],[-75.56075,6.22255],[-75.55811,6.22005],[-75.55744,6.22009],[-75.55204,6.22519],[-75.55076,6.22567],[-75.54819,6.22535],[-75.54362,6.22263],[-75.54119,6.22306],[-75.53895,6.22255],[-75.53657,6.22319],[-75.53191,6.22312],[-75.52573,6.22436],[-75.52303,6.22393],[-75.52073,6.22583],[-75.51977,6.22611],[-75.5121,6.22395],[-75.50858,6.22234],[-75.46041,6.18176],[-75.45349,6.17977],[-75.45236,6.17795],[-75.45159,6.17754],[-75.44788,6.17743],[-75.44402,6.1788],[-75.44225,6.17896],[-75.43755,6.1773],[-75.43662,6.17544],[-75.43679,6.17251],[-75.43578,6.16904],[-75.4363,6.15313],[-75.4344,6.14922],[-75.43397,6.14411],[-75.43325,6.14241],[-75.43004,6.14486],[-75.42029,6.14826],[-75.41672,6.15066],[-75.41213,6.15281],[-75.41003,6.15246],[-75.40787,6.1532],[-75.40339,6.15273],[-75.39654,6.15153],[-75.39448,6.15066],[-75.38976,6.15056],[-75.38525,6.15114],[-75.385,6.14897],[-75.37915,6.1471],[-75.37877,6.14896],[-75.3743,6.1486],[-75.37192,6.15],[-75.37029,6.15218],[-75.37074,6.15271],[-75.37059,6.15576],[-75.36929,6.15857],[-75.36966,6.15883],[-75.36928,6.16007],[-75.36578,6.15951],[-75.36556,6.16051],[-75.36119,6.16502],[-75.36389,6.17168],[-75.36046,6.17826],[-75.34806,6.17409],[-75.34585,6.1726],[-75.34319,6.17182],[-75.33881,6.16857],[-75.33717,6.16787],[-75.33325,6.16794],[-75.33041,6.16859],[-75.32527,6.16796],[-75.32118,6.1666],[-75.3199,6.16521],[-75.31924,6.16186],[-75.31841,6.16007],[-75.31323,6.15379],[-75.31255,6.14915],[-75.30992,6.14566],[-75.30512,6.14112],[-75.30066,6.14114],[-75.2993,6.14061],[-75.29595,6.13615],[-75.29416,6.13485],[-75.28926,6.13374],[-75.28547,6.1365],[-75.28182,6.13729],[-75.28005,6.137],[-75.27463,6.13441],[-75.27117,6.13437],[-75.26901,6.1352],[-75.26484,6.13534],[-75.25869,6.13129],[-75.2487,6.12567],[-75.23823,6.1238],[-75.23677,6.12286],[-75.23549,6.12015],[-75.2327,6.11742],[-75.23104,6.11393],[-75.23041,6.11142],[-75.22781,6.10827],[-75.22777,6.10724],[-75.22876,6.10571],[-75.22901,6.10429],[-75.22859,6.10282],[-75.22687,6.10046],[-75.22454,6.09906],[-75.22315,6.096],[-75.22342,6.09474],[-75.22486,6.09329],[-75.22496,6.09127],[-75.22749,6.08971],[-75.22755,6.0866],[-75.2285,6.08504],[-75.22807,6.08421],[-75.22629,6.0835],[-75.2258,6.08226],[-75.2247,6.0812],[-75.22376,6.0785],[-75.22522,6.07268],[-75.22454,6.06976],[-75.22376,6.06921],[-75.22134,6.06898],[-75.22016,6.06678],[-75.21831,6.06654],[-75.21605,6.06497],[-75.21228,6.06377],[-75.2111,6.06201],[-75.21115,6.06008],[-75.20973,6.05831],[-75.20899,6.05577],[-75.20937,6.05487],[-75.21028,6.05462],[-75.21186,6.05553],[-75.2147,6.05618],[-75.21561,6.0558],[-75.2165,6.05445],[-75.21725,6.0543],[-75.21945,6.05559],[-75.22259,6.05479],[-75.22467,6.05637],[-75.22551,6.05582],[-75.22561,6.05398],[-75.22626,6.05324],[-75.22474,6.05362],[-75.22426,6.05457],[-75.2232,6.05308],[-75.22205,6.05259],[-75.22075,6.05108],[-75.21925,6.05208],[-75.21767,6.0516],[-75.21712,6.0508],[-75.21608,6.05101],[-75.21532,6.05054],[-75.21431,6.05192],[-75.21263,6.05191],[-75.2115,6.04945],[-75.21018,6.04895],[-75.20914,6.05042],[-75.20791,6.05119],[-75.20598,6.05077],[-75.20523,6.05091],[-75.20495,6.05148],[-75.20136,6.05199],[-75.19768,6.05097],[-75.1969,6.05137],[-75.19697,6.052],[-75.19818,6.05222],[-75.19792,6.05307],[-75.19864,6.05346],[-75.20032,6.05669],[-75.20045,6.05789],[-75.19983,6.05841],[-75.1968,6.05713],[-75.19484,6.05714],[-75.19172,6.05804],[-75.19004,6.05972],[-75.18933,6.05984],[-75.18705,6.05895],[-75.18729,6.05851],[-75.18522,6.0572],[-75.18487,6.05781]]}},{"type":"Feature","properties":{"name":"Cocorn\u00e1 \u279c Medell\u00edn","mode":"bus","order":2},"geometry":{"type":"LineString","coordinates":[[-75.18487,6.05781],[-75.18933,6.05984],[-75.19004,6.05972],[-75.19172,6.05804],[-75.19484,6.05714],[-75.1968,6.05713],[-75.19983,6.05841],[-75.20045,6.05789],[-75.20032,6.05669],[-75.19864,6.05346],[-75.19792,6.05307],[-75.19818,6.05222],[-75.19697,6.052],[-75.1969,6.05137],[-75.19768,6.05097],[-75.20136,6.05199],[-75.20495,6.05148],[-75.20523,6.05091],[-75.20598,6.05077],[-75.20791,6.05119],[-75.20914,6.05042],[-75.21018,6.04895],[-75.2115,6.04945],[-75.21263,6.05191],[-75.21431,6.05192],[-75.21532,6.05054],[-75.21608,6.05101],[-75.21712,6.0508],[-75.21767,6.0516],[-75.21925,6.05208],[-75.22075,6.05108],[-75.22205,6.05259],[-75.2232,6.05308],[-75.22426,6.05457],[-75.22474,6.05362],[-75.22626,6.05324],[-75.22561,6.05398],[-75.22551,6.05582],[-75.22467,6.05637],[-75.22259,6.05479],[-75.21945,6.05559],[-75.21725,6.0543],[-75.2165,6.05445],[-75.21561,6.0558],[-75.2147,6.05618],[-75.21186,6.05553],[-75.21028,6.05462],[-75.20937,6.05487],[-75.20899,6.05577],[-75.20973,6.05831],[-75.21115,6.06008],[-75.2111,6.06201],[-75.21228,6.06377],[-75.21605,6.06497],[-75.21831,6.06654],[-75.22016,6.06678],[-75.22134,6.06898],[-75.22376,6.06921],[-75.22454,6.06976],[-75.22522,6.07268],[-75.22376,6.0785],[-75.2247,6.0812],[-75.2258,6.08226],[-75.22629,6.0835],[-75.22807,6.08421],[-75.2285,6.08504],[-75.22755,6.0866],[-75.22749,6.08971],[-75.22496,6.09127],[-75.22486,6.09329],[-75.22342,6.09474],[-75.22315,6.096],[-75.22454,6.09906],[-75.22687,6.10046],[-75.22859,6.10282],[-75.22901,6.10429],[-75.22876,6.10571],[-75.22777,6.10724],[-75.22781,6.10827],[-75.23041,6.11142],[-75.23104,6.11393],[-75.2327,6.11742],[-75.23549,6.12015],[-75.23677,6.12286],[-75.23823,6.1238],[-75.2487,6.12567],[-75.25869,6.13129],[-75.26484,6.13534],[-75.27452,6.13453],[-75.27818,6.13645],[-75.28165,6.13741],[-75.28549,6.13671],[-75.28845,6.13424],[-75.28953,6.13385],[-75.29358,6.13483],[-75.29578,6.1364],[-75.29922,6.14072],[-75.30617,6.14209],[-75.31186,6.14841],[-75.31271,6.15008],[-75.31307,6.15389],[-75.31827,6.16015],[-75.31978,6.16527],[-75.32103,6.16669],[-75.32555,6.16815],[-75.33076,6.16874],[-75.33131,6.17055],[-75.33263,6.17133],[-75.33473,6.17161],[-75.33663,6.17284],[-75.34238,6.17383],[-75.34516,6.17538],[-75.34684,6.17352],[-75.36051,6.1787],[-75.3637,6.17963],[-75.3661,6.17924],[-75.36702,6.18005],[-75.37059,6.17206],[-75.36721,6.16622],[-75.36696,6.1644],[-75.36793,6.16171],[-75.36932,6.16],[-75.37128,6.15582],[-75.37155,6.15256],[-75.37548,6.15168],[-75.37879,6.15218],[-75.38803,6.15089],[-75.39391,6.15073],[-75.3958,6.15154],[-75.40339,6.15273],[-75.40787,6.1532],[-75.41003,6.15246],[-75.41229,6.15279],[-75.41672,6.15066],[-75.42012,6.14834],[-75.42967,6.14502],[-75.43316,6.1429],[-75.43397,6.14411],[-75.4344,6.14922],[-75.4362,6.15322],[-75.43577,6.16873],[-75.43664,6.17396],[-75.43629,6.1756],[-75.4354,6.17644],[-75.43536,6.17589],[-75.4358,6.17588],[-75.43784,6.17759],[-75.44223,6.17906],[-75.44406,6.17889],[-75.44788,6.17743],[-75.45159,6.17754],[-75.45216,6.1778],[-75.45335,6.17987],[-75.46041,6.18176],[-75.50858,6.22234],[-75.5121,6.22395],[-75.51977,6.22611],[-75.52073,6.22583],[-75.52303,6.22393],[-75.52573,6.22436],[-75.53191,6.22312],[-75.53657,6.22319],[-75.53895,6.22255],[-75.54119,6.22306],[-75.54362,6.22263],[-75.54819,6.22535],[-75.55076,6.22567],[-75.55204,6.22519],[-75.5573,6.22024],[-75.55807,6.22011],[-75.56075,6.22255],[-75.5604,6.22317],[-75.55961,6.22313],[-75.55935,6.22673],[-75.55981,6.22708],[-75.56018,6.22496],[-75.56068,6.22481],[-75.56334,6.22937],[-75.56499,6.22836],[-75.564,6.22734],[-75.56429,6.22639],[-75.56647,6.22828],[-75.56643,6.22971],[-75.5656,6.23131],[-75.56768,6.23407],[-75.56873,6.23654],[-75.57585,6.23976],[-75.583,6.23953],[-75.58319,6.24216],[-75.58154,6.24446],[-75.58118,6.24423]]}},{"type":"Feature","properties":{"name":"Medell\u00edn \u2708 Santa Marta","mode":"flight","order":3},"geometry":{"type":"LineString","coordinates":[[-75.5812,6.2442],[-74.199,11.2408]]}},{"type":"Feature","properties":{"name":"Santa Marta \u279c Riohacha","mode":"motor","order":4},"geometry":{"type":"LineString","coordinates":[[-74.19897,11.24089],[-74.19857,11.24078],[-74.19845,11.24124],[-74.19784,11.24097],[-74.19697,11.24222],[-74.19549,11.24129],[-74.18207,11.24072],[-74.17659,11.23239],[-74.17475,11.22856],[-74.16991,11.22835],[-74.16475,11.22521],[-74.16452,11.22408],[-74.16304,11.2242],[-74.15974,11.22335],[-74.15069,11.22684],[-74.14424,11.23069],[-74.14195,11.2329],[-74.13426,11.23526],[-74.12458,11.24353],[-74.1051,11.2555],[-74.10019,11.26272],[-74.09698,11.26378],[-74.09462,11.26689],[-74.09159,11.26907],[-74.08714,11.26899],[-74.08478,11.26671],[-74.08387,11.26682],[-74.08195,11.2684],[-74.07885,11.26839],[-74.07699,11.26633],[-74.07604,11.26618],[-74.07269,11.26881],[-74.06944,11.26834],[-74.06686,11.26984],[-74.06266,11.27055],[-74.06118,11.27298],[-74.06016,11.2736],[-74.05751,11.27411],[-74.05543,11.27221],[-74.05404,11.27201],[-74.05325,11.27247],[-74.05185,11.27485],[-74.05051,11.2757],[-74.04648,11.27632],[-74.04494,11.27707],[-74.04198,11.277],[-74.03957,11.27806],[-74.03387,11.27764],[-74.01973,11.28108],[-74.00824,11.28478],[-73.99753,11.28459],[-73.99244,11.28543],[-73.98664,11.2842],[-73.97995,11.28372],[-73.97394,11.28261],[-73.97129,11.28266],[-73.96864,11.28033],[-73.96508,11.27931],[-73.95971,11.27998],[-73.95598,11.28132],[-73.95459,11.28075],[-73.95298,11.27918],[-73.94623,11.2766],[-73.93652,11.27923],[-73.93373,11.27853],[-73.92807,11.27854],[-73.92501,11.27759],[-73.92001,11.27715],[-73.91812,11.27793],[-73.91475,11.28121],[-73.90583,11.28227],[-73.90032,11.2841],[-73.89515,11.29032],[-73.89287,11.29122],[-73.89145,11.29087],[-73.86479,11.2759],[-73.86397,11.27477],[-73.86355,11.27112],[-73.86301,11.26993],[-73.85537,11.26557],[-73.85009,11.26156],[-73.83892,11.24759],[-73.83771,11.24672],[-73.82548,11.24977],[-73.81773,11.24846],[-73.80912,11.24929],[-73.80334,11.2471],[-73.79867,11.24795],[-73.78543,11.24733],[-73.77088,11.24953],[-73.7572,11.25032],[-73.74403,11.24838],[-73.7372,11.24609],[-73.72786,11.2449],[-73.71988,11.24145],[-73.71199,11.24132],[-73.70551,11.24033],[-73.69457,11.23992],[-73.69032,11.2403],[-73.68627,11.2395],[-73.67667,11.24264],[-73.67167,11.24544],[-73.66577,11.25008],[-73.65526,11.25338],[-73.64748,11.25498],[-73.64499,11.25477],[-73.63277,11.25613],[-73.62532,11.25819],[-73.62346,11.25805],[-73.62026,11.25666],[-73.61364,11.25775],[-73.60884,11.25979],[-73.59588,11.26157],[-73.59287,11.26239],[-73.5885,11.26129],[-73.58285,11.25904],[-73.57812,11.25296],[-73.5753,11.24627],[-73.57351,11.2449],[-73.55474,11.2444],[-73.54827,11.24328],[-73.51319,11.24197],[-73.50297,11.23714],[-73.49524,11.23455],[-73.48806,11.23098],[-73.47979,11.22337],[-73.47673,11.21765],[-73.47425,11.21543],[-73.47078,11.21006],[-73.46608,11.20591],[-73.46452,11.20534],[-73.46004,11.20658],[-73.45584,11.20495],[-73.44368,11.20622],[-73.44032,11.20591],[-73.43815,11.20518],[-73.42766,11.20496],[-73.4232,11.20404],[-73.41919,11.20433],[-73.41296,11.20572],[-73.41035,11.20566],[-73.4064,11.20838],[-73.40205,11.21334],[-73.39866,11.21561],[-73.39497,11.21674],[-73.3519,11.21721],[-73.34719,11.21607],[-73.30754,11.21328],[-73.28544,11.21755],[-73.27914,11.22366],[-73.27099,11.22649],[-73.26915,11.226],[-73.25775,11.21891],[-73.25703,11.21815],[-73.25557,11.21449],[-73.25449,11.21335],[-73.25296,11.21292],[-73.25005,11.213],[-73.24862,11.21368],[-73.24484,11.2172],[-73.16378,11.2605],[-73.1404,11.26831],[-73.13378,11.26867],[-73.12626,11.26991],[-73.12468,11.27081],[-73.12226,11.27561],[-73.08566,11.36818],[-73.07922,11.38076],[-73.07295,11.38955],[-73.06158,11.41106],[-73.06026,11.41996],[-73.03512,11.45466],[-73.00135,11.49209],[-72.90776,11.54326],[-72.90722,11.54407]]}},{"type":"Feature","properties":{"name":"Riohacha \u279c Cabo de la Vela","mode":"motor","order":5},"geometry":{"type":"LineString","coordinates":[[-72.90722,11.54407],[-72.9067,11.54472],[-72.90408,11.54588],[-72.90204,11.5454],[-72.88399,11.52917],[-72.88102,11.52396],[-72.86424,11.51071],[-72.85985,11.50974],[-72.85832,11.50988],[-72.85496,11.51149],[-72.84812,11.51966],[-72.84145,11.52095],[-72.76277,11.5041],[-72.73477,11.50177],[-72.71461,11.49443],[-72.68762,11.48734],[-72.66989,11.47679],[-72.64619,11.46815],[-72.49266,11.43352],[-72.45547,11.43251],[-72.41342,11.41639],[-72.40637,11.41457],[-72.24626,11.7784],[-72.12566,12.02065],[-72.07693,12.10167],[-72.07596,12.10557],[-72.07499,12.10613],[-72.07276,12.10516],[-72.07178,12.10565],[-72.07066,12.10962],[-72.06106,12.12559],[-72.04365,12.17726],[-72.05027,12.18245],[-72.05281,12.18302],[-72.05591,12.18595],[-72.05764,12.18657],[-72.06137,12.18623],[-72.06248,12.18682],[-72.07295,12.18681],[-72.07447,12.18795],[-72.07615,12.18727],[-72.07872,12.18758],[-72.08368,12.18609],[-72.08615,12.18636],[-72.08981,12.18955],[-72.09141,12.18929],[-72.09248,12.19122],[-72.09474,12.1931],[-72.09693,12.19406],[-72.09879,12.19419],[-72.10032,12.19215],[-72.10263,12.19305],[-72.104,12.19255],[-72.10828,12.19621],[-72.11012,12.19605],[-72.11423,12.19887],[-72.11534,12.19788],[-72.11958,12.20267],[-72.12387,12.20498],[-72.12669,12.20361],[-72.13056,12.20059],[-72.13436,12.19914],[-72.13713,12.19583],[-72.13874,12.19653],[-72.14134,12.19651],[-72.14223,12.19541],[-72.14282,12.19314],[-72.14525,12.19355],[-72.1459,12.1974],[-72.14745,12.20005]]}},{"type":"Feature","properties":{"name":"Cabo de la Vela \u279c Coste\u00f1o Beach","mode":"motor","order":6},"geometry":{"type":"LineString","coordinates":[[-72.14745,12.20005],[-72.1459,12.1974],[-72.14525,12.19355],[-72.14282,12.19314],[-72.14223,12.19541],[-72.14134,12.19651],[-72.13874,12.19653],[-72.13713,12.19583],[-72.13436,12.19914],[-72.13056,12.20059],[-72.12669,12.20361],[-72.12387,12.20498],[-72.11958,12.20267],[-72.11534,12.19788],[-72.11423,12.19887],[-72.11012,12.19605],[-72.10828,12.19621],[-72.104,12.19255],[-72.10263,12.19305],[-72.10032,12.19215],[-72.09879,12.19419],[-72.09693,12.19406],[-72.09474,12.1931],[-72.09248,12.19122],[-72.09141,12.18929],[-72.08981,12.18955],[-72.08615,12.18636],[-72.08368,12.18609],[-72.07872,12.18758],[-72.07615,12.18727],[-72.07447,12.18795],[-72.07295,12.18681],[-72.06248,12.18682],[-72.06137,12.18623],[-72.05764,12.18657],[-72.05591,12.18595],[-72.05281,12.18302],[-72.05027,12.18245],[-72.04365,12.17726],[-72.06106,12.12559],[-72.07066,12.10962],[-72.07178,12.10565],[-72.07276,12.10516],[-72.07499,12.10613],[-72.07596,12.10557],[-72.07693,12.10167],[-72.12566,12.02065],[-72.24626,11.7784],[-72.40637,11.41457],[-72.41342,11.41639],[-72.45547,11.43251],[-72.49266,11.43352],[-72.64619,11.46815],[-72.66989,11.47679],[-72.68762,11.48734],[-72.71461,11.49443],[-72.73477,11.50177],[-72.76277,11.5041],[-72.84145,11.52095],[-72.84812,11.51966],[-72.85496,11.51149],[-72.85832,11.50988],[-72.85985,11.50974],[-72.86424,11.51071],[-72.88102,11.52396],[-72.88399,11.52917],[-72.90204,11.5454],[-72.90408,11.54588],[-72.907,11.54483],[-72.90788,11.54333],[-73.00135,11.49209],[-73.03512,11.45466],[-73.06026,11.41996],[-73.06158,11.41106],[-73.07295,11.38955],[-73.07922,11.38076],[-73.08566,11.36818],[-73.12356,11.27255],[-73.12468,11.27081],[-73.12626,11.26991],[-73.13378,11.26867],[-73.1404,11.26831],[-73.16378,11.2605],[-73.24484,11.2172],[-73.24937,11.21319],[-73.25296,11.21292],[-73.25449,11.21335],[-73.25557,11.21449],[-73.25703,11.21815],[-73.25775,11.21891],[-73.26915,11.226],[-73.27099,11.22649],[-73.27914,11.22366],[-73.28544,11.21755],[-73.30754,11.21328],[-73.34719,11.21607],[-73.3519,11.21721],[-73.39497,11.21674],[-73.39866,11.21561],[-73.40205,11.21334],[-73.4064,11.20838],[-73.41035,11.20566],[-73.41296,11.20572],[-73.41919,11.20433],[-73.4232,11.20404],[-73.42766,11.20496],[-73.43815,11.20518],[-73.44032,11.20591],[-73.44368,11.20622],[-73.45584,11.20495],[-73.46004,11.20658],[-73.46452,11.20534],[-73.46608,11.20591],[-73.47078,11.21006],[-73.47425,11.21543],[-73.47673,11.21765],[-73.47979,11.22337],[-73.48806,11.23098],[-73.49524,11.23455],[-73.50297,11.23714],[-73.51319,11.24197],[-73.54827,11.24328],[-73.55474,11.2444],[-73.57351,11.2449],[-73.5753,11.24627],[-73.57812,11.25296],[-73.58285,11.25904],[-73.5885,11.26129],[-73.59287,11.26239],[-73.59588,11.26157],[-73.60884,11.25979],[-73.61364,11.25775],[-73.62026,11.25666],[-73.62346,11.25805],[-73.62532,11.25819],[-73.63277,11.25613],[-73.64499,11.25477],[-73.64748,11.25498],[-73.65526,11.25338],[-73.66577,11.25008],[-73.67167,11.24544],[-73.67667,11.24264],[-73.68698,11.23947],[-73.69032,11.2403],[-73.69457,11.23992],[-73.70551,11.24033],[-73.71199,11.24132],[-73.71988,11.24145],[-73.72786,11.2449],[-73.7372,11.24609],[-73.74403,11.24838],[-73.7563,11.25027],[-73.77088,11.24953],[-73.78543,11.24733],[-73.79867,11.24795],[-73.80371,11.24714],[-73.80852,11.24915],[-73.8102,11.24926],[-73.81002,11.25096],[-73.80943,11.25111],[-73.80805,11.25587],[-73.80798,11.2586],[-73.80846,11.25962],[-73.81603,11.26168]]}},{"type":"Feature","properties":{"name":"Coste\u00f1o Beach \u279c Cartagena","mode":"bus","order":7},"geometry":{"type":"LineString","coordinates":[[-73.81603,11.26168],[-73.8172,11.25696],[-73.82031,11.25758],[-73.8213,11.25453],[-73.82252,11.25268],[-73.82295,11.25012],[-73.82229,11.24929],[-73.82571,11.24975],[-73.83709,11.24675],[-73.83817,11.24686],[-73.84986,11.26135],[-73.85537,11.26557],[-73.86301,11.26993],[-73.86355,11.27112],[-73.86397,11.27477],[-73.86479,11.2759],[-73.89246,11.2912],[-73.89414,11.29101],[-73.89515,11.29032],[-73.90032,11.2841],[-73.90583,11.28227],[-73.91475,11.28121],[-73.91812,11.27793],[-73.92057,11.27712],[-73.92501,11.27759],[-73.92807,11.27854],[-73.93373,11.27853],[-73.93652,11.27923],[-73.94623,11.2766],[-73.95298,11.27918],[-73.95459,11.28075],[-73.95598,11.28132],[-73.95971,11.27998],[-73.96508,11.27931],[-73.96864,11.28033],[-73.97129,11.28266],[-73.97394,11.28261],[-73.97995,11.28372],[-73.98664,11.2842],[-73.99244,11.28543],[-73.99753,11.28459],[-74.00864,11.28476],[-74.01973,11.28108],[-74.03387,11.27764],[-74.03957,11.27806],[-74.04198,11.277],[-74.04494,11.27707],[-74.04648,11.27632],[-74.05051,11.2757],[-74.05185,11.27485],[-74.05325,11.27247],[-74.05404,11.27201],[-74.05543,11.27221],[-74.05751,11.27411],[-74.06016,11.2736],[-74.06118,11.27298],[-74.06266,11.27055],[-74.06686,11.26984],[-74.06944,11.26834],[-74.07269,11.26881],[-74.07604,11.26618],[-74.07699,11.26633],[-74.07885,11.26839],[-74.08195,11.2684],[-74.08387,11.26682],[-74.08478,11.26671],[-74.08714,11.26899],[-74.09196,11.26893],[-74.09462,11.26689],[-74.09698,11.26378],[-74.10019,11.26272],[-74.1051,11.2555],[-74.12458,11.24353],[-74.13476,11.23497],[-74.14195,11.2329],[-74.14424,11.23069],[-74.15069,11.22684],[-74.15862,11.22382],[-74.16321,11.22439],[-74.16429,11.22507],[-74.16863,11.22356],[-74.17556,11.22228],[-74.18962,11.2187],[-74.19065,11.21747],[-74.1927,11.20871],[-74.19739,11.20347],[-74.20153,11.20013],[-74.20489,11.19466],[-74.22112,11.18601],[-74.22553,11.18275],[-74.22949,11.17861],[-74.23101,11.17615],[-74.22966,11.1699],[-74.22743,11.16391],[-74.22415,11.15995],[-74.22146,11.14849],[-74.2217,11.14696],[-74.22425,11.14223],[-74.22635,11.12905],[-74.22314,11.11013],[-74.2222,11.10743],[-74.21868,11.10183],[-74.21784,11.0997],[-74.21428,11.08619],[-74.21373,11.07416],[-74.212,11.0694],[-74.20709,11.06058],[-74.20503,11.05021],[-74.20508,11.04833],[-74.2043,11.04651],[-74.20314,11.04068],[-74.20468,11.03088],[-74.20581,11.02711],[-74.21071,11.02019],[-74.21449,11.01656],[-74.21533,11.01253],[-74.21634,11.01068],[-74.21638,11.00868],[-74.21755,11.0048],[-74.21838,11.00408],[-74.22517,11.0036],[-74.23964,11.00551],[-74.24951,11.0054],[-74.25186,11.00659],[-74.26042,11.0065],[-74.27255,10.99785],[-74.28002,10.99523],[-74.28726,10.99007],[-74.29903,10.98653],[-74.30738,10.98253],[-74.31689,10.97952],[-74.33709,10.97723],[-74.3476,10.9745],[-74.37305,10.96978],[-74.38403,10.97221],[-74.40879,10.97208],[-74.43099,10.97377],[-74.44431,10.97133],[-74.50502,10.98164],[-74.51613,10.98313],[-74.52906,10.98699],[-74.54031,10.99141],[-74.54448,10.99157],[-74.5504,10.98954],[-74.55732,10.99193],[-74.56592,10.99253],[-74.57255,10.99504],[-74.57739,10.99589],[-74.58076,10.99752],[-74.58693,10.9983],[-74.59115,11.00023],[-74.59767,11.00108],[-74.60505,11.00889],[-74.61164,11.0122],[-74.6306,11.01409],[-74.64605,11.01111],[-74.65449,11.0064],[-74.66409,11.00469],[-74.66815,11.00472],[-74.68102,11.00678],[-74.68336,11.00626],[-74.69028,11.00192],[-74.69417,10.99773],[-74.70325,10.99042],[-74.72673,10.98153],[-74.73331,10.97509],[-74.73453,10.97285],[-74.73601,10.96775],[-74.74417,10.95968],[-74.74746,10.95317],[-74.74941,10.95119],[-74.75163,10.9505],[-74.76202,10.95031],[-74.76634,10.95133],[-74.7717,10.94926],[-74.7737,10.94981],[-74.77483,10.94917],[-74.78053,10.93606],[-74.78103,10.93338],[-74.78266,10.93202],[-74.78368,10.93195],[-74.78393,10.9308],[-74.78792,10.92713],[-74.79248,10.92458],[-74.79624,10.92377],[-74.81553,10.92274],[-74.81742,10.92324],[-74.83033,10.92932],[-74.83311,10.93173],[-74.83426,10.9348],[-74.83366,10.94347],[-74.8333,10.94389],[-74.83226,10.94376],[-74.83227,10.94325],[-74.83888,10.94369],[-74.84366,10.94229],[-74.84958,10.93907],[-74.85449,10.93841],[-74.85735,10.93734],[-74.86536,10.92969],[-74.86682,10.92613],[-74.86873,10.92376],[-74.87554,10.91919],[-74.87751,10.91365],[-74.88203,10.90798],[-74.88392,10.89435],[-74.88817,10.88879],[-74.89132,10.88056],[-74.89689,10.85979],[-74.89693,10.8583],[-74.8951,10.8522],[-74.89519,10.85105],[-74.90067,10.84147],[-74.90232,10.83788],[-74.9029,10.83512],[-74.90704,10.83022],[-74.90978,10.82521],[-74.912,10.82233],[-74.91383,10.81698],[-74.91551,10.80762],[-74.91526,10.80665],[-74.90766,10.79989],[-74.90567,10.79535],[-74.90307,10.79214],[-74.90275,10.79103],[-74.90865,10.77184],[-74.90729,10.76801],[-74.90765,10.76601],[-74.9154,10.7523],[-74.91219,10.74352],[-74.91125,10.7397],[-74.9112,10.73419],[-74.91289,10.72976],[-74.91262,10.7191],[-74.90951,10.71202],[-74.9058,10.70582],[-74.90703,10.69996],[-74.90673,10.69689],[-74.90786,10.69363],[-74.90803,10.6917],[-74.90525,10.68417],[-74.90561,10.6805],[-74.90427,10.67768],[-74.90475,10.67626],[-74.91084,10.66951],[-74.90996,10.66547],[-74.91239,10.66149],[-74.91408,10.65651],[-74.91438,10.65309],[-74.9132,10.64945],[-74.91399,10.64794],[-74.92601,10.63743],[-74.9272,10.63714],[-74.94647,10.64144],[-74.94923,10.64124],[-74.9557,10.63969],[-74.95779,10.63995],[-74.9644,10.645],[-74.97215,10.64801],[-74.97836,10.64856],[-75.00473,10.6569],[-75.01621,10.65564],[-75.02019,10.65412],[-75.02534,10.65412],[-75.04341,10.65791],[-75.04484,10.65784],[-75.08508,10.64429],[-75.09221,10.64027],[-75.09837,10.63786],[-75.10233,10.63445],[-75.11022,10.60923],[-75.11571,10.60415],[-75.11938,10.60262],[-75.13166,10.60286],[-75.13698,10.60594],[-75.13994,10.60929],[-75.14778,10.61193],[-75.1492,10.61101],[-75.1504,10.61111],[-75.15102,10.61174],[-75.15123,10.61354],[-75.15062,10.61659],[-75.1539,10.61797],[-75.15664,10.61631],[-75.16425,10.6163],[-75.16599,10.61507],[-75.16894,10.61476],[-75.18005,10.61068],[-75.18561,10.61078],[-75.18938,10.60982],[-75.19738,10.61198],[-75.20249,10.61508],[-75.20647,10.61924],[-75.20846,10.62352],[-75.21375,10.62584],[-75.2158,10.62765],[-75.21733,10.62819],[-75.22086,10.62758],[-75.22486,10.62854],[-75.23221,10.62357],[-75.24156,10.6209],[-75.24269,10.62099],[-75.24546,10.62252],[-75.24966,10.62243],[-75.25678,10.62016],[-75.26161,10.61937],[-75.26417,10.61965],[-75.27666,10.6167],[-75.28389,10.6087],[-75.28665,10.60236],[-75.28985,10.60013],[-75.30079,10.58854],[-75.30518,10.58813],[-75.30793,10.58474],[-75.31712,10.57851],[-75.32617,10.56855],[-75.32828,10.56828],[-75.33411,10.57071],[-75.33608,10.5702],[-75.34329,10.56614],[-75.34474,10.56328],[-75.35157,10.55629],[-75.35243,10.55419],[-75.3588,10.54867],[-75.37228,10.54508],[-75.37643,10.54587],[-75.37792,10.54571],[-75.38283,10.54113],[-75.39399,10.53626],[-75.39633,10.53405],[-75.40007,10.52535],[-75.40071,10.52255],[-75.40093,10.5166],[-75.40379,10.51245],[-75.4052,10.50862],[-75.41074,10.48364],[-75.41285,10.47209],[-75.41107,10.45908],[-75.41384,10.45126],[-75.41397,10.44884],[-75.41509,10.44526],[-75.41601,10.43952],[-75.42195,10.42888],[-75.42439,10.42553],[-75.42853,10.42326],[-75.4353,10.41809],[-75.43913,10.41579],[-75.44148,10.41324],[-75.44545,10.41056],[-75.4484,10.40774],[-75.45053,10.40725],[-75.46033,10.40228],[-75.46468,10.40133],[-75.47746,10.39569],[-75.477,10.39609],[-75.47567,10.39267],[-75.47792,10.3902],[-75.47907,10.39088]]}},{"type":"Feature","properties":{"name":"Cartagena \u2708 Quito","mode":"flight","order":8},"geometry":{"type":"LineString","coordinates":[[-75.479,10.391],[-78.4678,-0.1807]]}},{"type":"Feature","properties":{"name":"Quito \u279c Quilotoa-kratermeer","mode":"motor","order":9},"geometry":{"type":"LineString","coordinates":[[-78.46775,-0.18071],[-78.46875,-0.18072],[-78.46878,-0.1786],[-78.47037,-0.17864],[-78.47193,-0.17996],[-78.47261,-0.17987],[-78.47385,-0.18151],[-78.47424,-0.1797],[-78.47608,-0.18338],[-78.47803,-0.18586],[-78.48603,-0.1909],[-78.49487,-0.19537],[-78.49915,-0.20516],[-78.50132,-0.21141],[-78.50861,-0.22152],[-78.50867,-0.22226],[-78.5068,-0.22512],[-78.50672,-0.22685],[-78.50719,-0.22768],[-78.50684,-0.23031],[-78.50746,-0.23078],[-78.51035,-0.23034],[-78.50876,-0.23368],[-78.50905,-0.23437],[-78.51043,-0.23512],[-78.51067,-0.23592],[-78.50908,-0.23754],[-78.51278,-0.24238],[-78.50895,-0.24694],[-78.50778,-0.24799],[-78.50713,-0.24794],[-78.50626,-0.24912],[-78.50571,-0.2491],[-78.50603,-0.25057],[-78.50676,-0.25059],[-78.50534,-0.25404],[-78.5056,-0.25529],[-78.50455,-0.25548],[-78.50433,-0.25483],[-78.50382,-0.25483],[-78.50252,-0.25812],[-78.50746,-0.26541],[-78.50753,-0.26838],[-78.50847,-0.27172],[-78.51613,-0.28044],[-78.51977,-0.28792],[-78.51978,-0.29251],[-78.52153,-0.30186],[-78.52238,-0.3124],[-78.52143,-0.31918],[-78.51926,-0.32618],[-78.51908,-0.32886],[-78.52079,-0.33844],[-78.52374,-0.34478],[-78.52312,-0.35229],[-78.52371,-0.35357],[-78.52524,-0.35485],[-78.52885,-0.35668],[-78.53357,-0.35751],[-78.53456,-0.3586],[-78.53419,-0.36036],[-78.52896,-0.36522],[-78.5285,-0.36626],[-78.53229,-0.38439],[-78.53499,-0.38978],[-78.53656,-0.39517],[-78.53941,-0.39641],[-78.54193,-0.40084],[-78.54462,-0.40163],[-78.54613,-0.40364],[-78.54838,-0.41368],[-78.55098,-0.41971],[-78.5535,-0.43723],[-78.5568,-0.44543],[-78.56276,-0.45655],[-78.56548,-0.45969],[-78.56578,-0.46186],[-78.56504,-0.46488],[-78.57547,-0.5137],[-78.58555,-0.54637],[-78.59053,-0.56421],[-78.59435,-0.57191],[-78.5962,-0.57394],[-78.60483,-0.58037],[-78.60577,-0.58198],[-78.60574,-0.58365],[-78.60446,-0.58715],[-78.60116,-0.58847],[-78.60049,-0.58947],[-78.60186,-0.59339],[-78.6011,-0.60314],[-78.60044,-0.606],[-78.60034,-0.61216],[-78.59956,-0.61306],[-78.59632,-0.61476],[-78.59493,-0.61773],[-78.59604,-0.62488],[-78.59611,-0.62876],[-78.59368,-0.64854],[-78.5908,-0.65756],[-78.58977,-0.66279],[-78.58872,-0.66367],[-78.58565,-0.66385],[-78.58395,-0.66514],[-78.58477,-0.66815],[-78.58702,-0.67314],[-78.58514,-0.67548],[-78.58262,-0.67674],[-78.58211,-0.67822],[-78.58965,-0.69869],[-78.60388,-0.72088],[-78.60753,-0.72556],[-78.61033,-0.73418],[-78.61448,-0.73909],[-78.61586,-0.74408],[-78.61603,-0.74818],[-78.61531,-0.75687],[-78.6094,-0.77542],[-78.61034,-0.78063],[-78.61268,-0.78888],[-78.62122,-0.80427],[-78.62523,-0.81267],[-78.62434,-0.81865],[-78.61912,-0.83073],[-78.61988,-0.85299],[-78.62448,-0.8622],[-78.62821,-0.86625],[-78.63003,-0.86774],[-78.6373,-0.87073],[-78.64032,-0.87268],[-78.64916,-0.87923],[-78.65837,-0.88719],[-78.65863,-0.88931],[-78.65639,-0.89451],[-78.65613,-0.89627],[-78.65759,-0.90221],[-78.65753,-0.90976],[-78.65948,-0.91569],[-78.65999,-0.91968],[-78.65968,-0.93132],[-78.66076,-0.9324],[-78.66157,-0.9348],[-78.6631,-0.93616],[-78.66768,-0.93526],[-78.67419,-0.93498],[-78.67757,-0.93412],[-78.67925,-0.93583],[-78.69421,-0.93972],[-78.6981,-0.93986],[-78.69878,-0.94022],[-78.70342,-0.94707],[-78.7065,-0.94806],[-78.70816,-0.94912],[-78.70957,-0.94923],[-78.71017,-0.94849],[-78.70949,-0.94701],[-78.70981,-0.94479],[-78.70913,-0.94349],[-78.70868,-0.94013],[-78.70747,-0.9379],[-78.70808,-0.93679],[-78.70928,-0.93695],[-78.71061,-0.93591],[-78.71106,-0.93237],[-78.71253,-0.93064],[-78.71179,-0.93044],[-78.70999,-0.93294],[-78.70931,-0.92971],[-78.71085,-0.92582],[-78.71392,-0.9249],[-78.71447,-0.92392],[-78.71651,-0.92253],[-78.71812,-0.91977],[-78.71753,-0.91813],[-78.71669,-0.9173],[-78.71705,-0.91597],[-78.71595,-0.91215],[-78.71874,-0.91651],[-78.72068,-0.91801],[-78.7205,-0.91938],[-78.72113,-0.92036],[-78.72156,-0.92027],[-78.72098,-0.91902],[-78.72187,-0.91778],[-78.72051,-0.91641],[-78.71994,-0.91342],[-78.71883,-0.9126],[-78.71928,-0.91237],[-78.7203,-0.91313],[-78.72174,-0.91567],[-78.72398,-0.91526],[-78.72371,-0.91485],[-78.72222,-0.91485],[-78.72185,-0.91252],[-78.7246,-0.90994],[-78.72384,-0.9089],[-78.72355,-0.90712],[-78.72489,-0.90588],[-78.72408,-0.90517],[-78.72417,-0.90406],[-78.72334,-0.90318],[-78.72571,-0.9022],[-78.72633,-0.90111],[-78.72644,-0.89855],[-78.72723,-0.89911],[-78.72746,-0.90036],[-78.72805,-0.9008],[-78.72923,-0.90075],[-78.73026,-0.89971],[-78.73168,-0.89924],[-78.73346,-0.9005],[-78.73493,-0.90072],[-78.73544,-0.90339],[-78.73737,-0.90431],[-78.73861,-0.90326],[-78.74006,-0.90286],[-78.74188,-0.90406],[-78.74366,-0.90765],[-78.74661,-0.90918],[-78.74913,-0.90872],[-78.7509,-0.90925],[-78.75293,-0.90911],[-78.75491,-0.90781],[-78.75409,-0.90572],[-78.75775,-0.90338],[-78.76166,-0.89996],[-78.76621,-0.8983],[-78.77011,-0.8993],[-78.77127,-0.8972],[-78.77493,-0.89605],[-78.77756,-0.89455],[-78.78058,-0.89584],[-78.7809,-0.89759],[-78.78134,-0.89778],[-78.78171,-0.89626],[-78.78131,-0.89419],[-78.78284,-0.8886],[-78.78369,-0.88823],[-78.78559,-0.88913],[-78.78863,-0.89449],[-78.79377,-0.89917],[-78.79482,-0.89899],[-78.7953,-0.89752],[-78.79633,-0.89721],[-78.79933,-0.89838],[-78.80201,-0.90105],[-78.8028,-0.9012],[-78.80581,-0.9002],[-78.80949,-0.89761],[-78.81349,-0.89747],[-78.81556,-0.89686],[-78.81682,-0.89764],[-78.81816,-0.8998],[-78.81771,-0.90642],[-78.81942,-0.90782],[-78.82294,-0.90904],[-78.82562,-0.91078],[-78.82851,-0.91034],[-78.83371,-0.91553],[-78.83375,-0.91607],[-78.83326,-0.91625],[-78.83154,-0.91505],[-78.8302,-0.91637],[-78.82907,-0.91633],[-78.82837,-0.91689],[-78.82759,-0.91879],[-78.82923,-0.91938],[-78.82925,-0.92249],[-78.83212,-0.92357],[-78.83267,-0.92425],[-78.83262,-0.92641],[-78.83391,-0.92663],[-78.83606,-0.92825],[-78.83714,-0.92814],[-78.83879,-0.92704],[-78.83999,-0.92747],[-78.84517,-0.93267],[-78.84644,-0.93323],[-78.847,-0.93433],[-78.84877,-0.93529],[-78.84921,-0.9371],[-78.85108,-0.93765],[-78.85076,-0.9436],[-78.85116,-0.94651],[-78.8502,-0.94779],[-78.8466,-0.94845],[-78.84929,-0.95101],[-78.84973,-0.95329],[-78.85252,-0.95359],[-78.85629,-0.95158],[-78.85687,-0.95283],[-78.85729,-0.95627],[-78.85663,-0.95929],[-78.85763,-0.95969],[-78.85894,-0.9588],[-78.86059,-0.96017],[-78.86149,-0.95845],[-78.86338,-0.9577],[-78.86345,-0.95426],[-78.86562,-0.95132],[-78.8671,-0.95098],[-78.8694,-0.95231],[-78.87004,-0.95142],[-78.8714,-0.95164],[-78.873,-0.95405],[-78.8744,-0.95444],[-78.87464,-0.95493],[-78.87427,-0.95761],[-78.8747,-0.96148],[-78.87592,-0.96083],[-78.87681,-0.95954],[-78.8785,-0.95894],[-78.87948,-0.95647],[-78.88029,-0.95597],[-78.88171,-0.95892],[-78.88121,-0.96159],[-78.88278,-0.9632],[-78.8816,-0.96375],[-78.88096,-0.96489],[-78.87956,-0.96586],[-78.88119,-0.96662],[-78.88061,-0.96988],[-78.88171,-0.97234],[-78.88259,-0.9733],[-78.88475,-0.97425],[-78.88447,-0.97543],[-78.88512,-0.97706],[-78.88576,-0.97735],[-78.88635,-0.97559],[-78.88945,-0.973],[-78.88908,-0.9703],[-78.89059,-0.96996],[-78.8937,-0.96742],[-78.89497,-0.96705],[-78.89831,-0.96346],[-78.89922,-0.96012],[-78.90062,-0.96022],[-78.89879,-0.95722],[-78.89831,-0.95429],[-78.89989,-0.95215],[-78.89977,-0.95031],[-78.90072,-0.94783],[-78.90181,-0.94763],[-78.90283,-0.94869],[-78.90287,-0.94958],[-78.90334,-0.9497],[-78.90391,-0.94561],[-78.9033,-0.93806],[-78.90593,-0.93128],[-78.90677,-0.92775],[-78.90834,-0.92639],[-78.90736,-0.9236],[-78.90726,-0.92042],[-78.90995,-0.91272],[-78.91145,-0.90105],[-78.91706,-0.89536],[-78.91812,-0.89272],[-78.91739,-0.89211],[-78.91749,-0.88966],[-78.91665,-0.89028],[-78.9168,-0.88755],[-78.91506,-0.88941],[-78.91339,-0.89323],[-78.9113,-0.89531],[-78.90745,-0.89655],[-78.90681,-0.89619],[-78.90466,-0.8972],[-78.90514,-0.89608],[-78.90377,-0.89409],[-78.89912,-0.8905],[-78.89586,-0.88683],[-78.89204,-0.88409],[-78.89427,-0.88077],[-78.89422,-0.88022],[-78.89351,-0.87931],[-78.89227,-0.88052],[-78.89032,-0.87956],[-78.89143,-0.87803],[-78.89214,-0.87807],[-78.89253,-0.87677],[-78.89218,-0.87549],[-78.89293,-0.87587],[-78.89297,-0.8743],[-78.89388,-0.87494],[-78.89477,-0.8743],[-78.89539,-0.87455],[-78.89544,-0.87403],[-78.89633,-0.87366],[-78.89871,-0.8737],[-78.90276,-0.87295],[-78.90443,-0.87126]]}},{"type":"Feature","properties":{"name":"Quilotoa-kratermeer \u279c Llullu Llama Lodge (Isinliv\u00ed)","mode":"motor","order":10},"geometry":{"type":"LineString","coordinates":[[-78.90443,-0.87126],[-78.90276,-0.87295],[-78.89871,-0.8737],[-78.89633,-0.87366],[-78.89544,-0.87403],[-78.89539,-0.87455],[-78.89477,-0.8743],[-78.89388,-0.87494],[-78.89297,-0.8743],[-78.89293,-0.87587],[-78.89218,-0.87549],[-78.89253,-0.87677],[-78.89214,-0.87807],[-78.89143,-0.87803],[-78.89032,-0.87956],[-78.89227,-0.88052],[-78.89351,-0.87931],[-78.89422,-0.88022],[-78.89427,-0.88077],[-78.89204,-0.88409],[-78.89586,-0.88683],[-78.89912,-0.8905],[-78.90377,-0.89409],[-78.90514,-0.89608],[-78.90466,-0.8972],[-78.90681,-0.89619],[-78.90745,-0.89655],[-78.9113,-0.89531],[-78.91339,-0.89323],[-78.91506,-0.88941],[-78.9168,-0.88755],[-78.91665,-0.89028],[-78.91749,-0.88966],[-78.91739,-0.89211],[-78.91812,-0.89272],[-78.91706,-0.89536],[-78.91145,-0.90105],[-78.90995,-0.91272],[-78.90726,-0.92042],[-78.90736,-0.9236],[-78.90834,-0.92639],[-78.90677,-0.92775],[-78.90593,-0.93128],[-78.9033,-0.93806],[-78.90391,-0.94561],[-78.90334,-0.9497],[-78.90287,-0.94958],[-78.90283,-0.94869],[-78.90181,-0.94763],[-78.90072,-0.94783],[-78.89977,-0.95031],[-78.89989,-0.95215],[-78.89831,-0.95429],[-78.89879,-0.95722],[-78.90062,-0.96022],[-78.89922,-0.96012],[-78.89946,-0.96161],[-78.89873,-0.9629],[-78.89497,-0.96705],[-78.8937,-0.96742],[-78.89059,-0.96996],[-78.88908,-0.9703],[-78.88945,-0.973],[-78.88635,-0.97559],[-78.88564,-0.97737],[-78.88447,-0.97543],[-78.88475,-0.97425],[-78.88259,-0.9733],[-78.88171,-0.97234],[-78.88061,-0.96988],[-78.88119,-0.96662],[-78.87956,-0.96586],[-78.88096,-0.96489],[-78.8816,-0.96375],[-78.88278,-0.9632],[-78.88121,-0.96159],[-78.88171,-0.95892],[-78.88029,-0.95597],[-78.87948,-0.95647],[-78.8785,-0.95894],[-78.87681,-0.95954],[-78.87592,-0.96083],[-78.8747,-0.96148],[-78.87427,-0.95761],[-78.87464,-0.95493],[-78.8744,-0.95444],[-78.873,-0.95405],[-78.8714,-0.95164],[-78.87004,-0.95142],[-78.8694,-0.95231],[-78.8671,-0.95098],[-78.86562,-0.95132],[-78.86345,-0.95426],[-78.86338,-0.9577],[-78.86149,-0.95845],[-78.86059,-0.96017],[-78.85894,-0.9588],[-78.85763,-0.95969],[-78.85663,-0.95929],[-78.85729,-0.95627],[-78.85687,-0.95283],[-78.85629,-0.95158],[-78.85252,-0.95359],[-78.84973,-0.95329],[-78.84929,-0.95101],[-78.8466,-0.94845],[-78.8502,-0.94779],[-78.85116,-0.94651],[-78.85076,-0.9436],[-78.85108,-0.93765],[-78.84921,-0.9371],[-78.84877,-0.93529],[-78.847,-0.93433],[-78.84644,-0.93323],[-78.84517,-0.93267],[-78.83999,-0.92747],[-78.83879,-0.92704],[-78.83714,-0.92814],[-78.83606,-0.92825],[-78.83391,-0.92663],[-78.83262,-0.92641],[-78.83267,-0.92425],[-78.83212,-0.92357],[-78.82925,-0.92249],[-78.82923,-0.91938],[-78.82759,-0.91879],[-78.82837,-0.91689],[-78.82907,-0.91633],[-78.8302,-0.91637],[-78.83154,-0.91505],[-78.83326,-0.91625],[-78.83375,-0.91607],[-78.83371,-0.91553],[-78.82851,-0.91034],[-78.82562,-0.91078],[-78.82294,-0.90904],[-78.81942,-0.90782],[-78.81771,-0.90642],[-78.81816,-0.8998],[-78.81682,-0.89764],[-78.81556,-0.89686],[-78.81349,-0.89747],[-78.80949,-0.89761],[-78.80581,-0.9002],[-78.8028,-0.9012],[-78.80201,-0.90105],[-78.79933,-0.89838],[-78.79633,-0.89721],[-78.7953,-0.89752],[-78.79482,-0.89899],[-78.79377,-0.89917],[-78.78863,-0.89449],[-78.78559,-0.88913],[-78.78369,-0.88823],[-78.78284,-0.8886],[-78.78131,-0.89419],[-78.78171,-0.89626],[-78.78134,-0.89778],[-78.7809,-0.89759],[-78.78058,-0.89584],[-78.77756,-0.89455],[-78.77493,-0.89605],[-78.77127,-0.8972],[-78.77011,-0.8993],[-78.76621,-0.8983],[-78.76166,-0.89996],[-78.75775,-0.90338],[-78.75409,-0.90572],[-78.75491,-0.90781],[-78.75293,-0.90911],[-78.7509,-0.90925],[-78.74913,-0.90872],[-78.74661,-0.90918],[-78.74366,-0.90765],[-78.74188,-0.90406],[-78.74006,-0.90286],[-78.73861,-0.90326],[-78.73737,-0.90431],[-78.73544,-0.90339],[-78.73493,-0.90072],[-78.73346,-0.9005],[-78.73168,-0.89924],[-78.73026,-0.89971],[-78.72923,-0.90075],[-78.72805,-0.9008],[-78.72746,-0.90036],[-78.72723,-0.89911],[-78.72644,-0.89855],[-78.72633,-0.90111],[-78.72571,-0.9022],[-78.72334,-0.90318],[-78.72417,-0.90406],[-78.72408,-0.90517],[-78.72489,-0.90588],[-78.72355,-0.90712],[-78.72384,-0.9089],[-78.7246,-0.90994],[-78.72185,-0.91252],[-78.72222,-0.91485],[-78.72371,-0.91485],[-78.72398,-0.91526],[-78.72174,-0.91567],[-78.7203,-0.91313],[-78.71928,-0.91237],[-78.71883,-0.9126],[-78.71994,-0.91342],[-78.72051,-0.91641],[-78.72187,-0.91778],[-78.72098,-0.91902],[-78.72156,-0.92027],[-78.72113,-0.92036],[-78.7205,-0.91938],[-78.72068,-0.91801],[-78.71874,-0.91651],[-78.71595,-0.91215],[-78.71705,-0.91597],[-78.71669,-0.9173],[-78.71753,-0.91813],[-78.71812,-0.91977],[-78.71651,-0.92253],[-78.71447,-0.92392],[-78.71392,-0.9249],[-78.71085,-0.92582],[-78.70931,-0.92971],[-78.70999,-0.93294],[-78.71179,-0.93044],[-78.71253,-0.93064],[-78.71106,-0.93237],[-78.71061,-0.93591],[-78.70928,-0.93695],[-78.70808,-0.93679],[-78.70747,-0.9379],[-78.70868,-0.94013],[-78.70913,-0.94349],[-78.70981,-0.94479],[-78.70949,-0.94701],[-78.71017,-0.94849],[-78.70948,-0.94954],[-78.70342,-0.94707],[-78.69878,-0.94022],[-78.6981,-0.93986],[-78.69576,-0.94003],[-78.67925,-0.93583],[-78.67874,-0.93606],[-78.67757,-0.93412],[-78.67419,-0.93498],[-78.66768,-0.93526],[-78.66285,-0.93612],[-78.66157,-0.9348],[-78.66047,-0.93216],[-78.65875,-0.93161],[-78.65968,-0.92681],[-78.65995,-0.92103],[-78.65931,-0.91571],[-78.65736,-0.90976],[-78.65741,-0.9019],[-78.65597,-0.89628],[-78.65624,-0.89448],[-78.65846,-0.88927],[-78.65827,-0.88733],[-78.6491,-0.87934],[-78.64027,-0.8728],[-78.63569,-0.8702],[-78.63003,-0.86793],[-78.62793,-0.86619],[-78.62432,-0.86233],[-78.61989,-0.85347],[-78.61951,-0.85163],[-78.61895,-0.83071],[-78.62418,-0.8186],[-78.62507,-0.81269],[-78.62104,-0.8043],[-78.61253,-0.78894],[-78.60992,-0.77951],[-78.60924,-0.77542],[-78.61517,-0.75674],[-78.61586,-0.74818],[-78.6157,-0.74411],[-78.61433,-0.73916],[-78.6101,-0.73408],[-78.60721,-0.72534],[-78.60376,-0.72095],[-78.58966,-0.69903],[-78.58194,-0.67822],[-78.58254,-0.67661],[-78.58488,-0.67549],[-78.58692,-0.67304],[-78.58522,-0.66971],[-78.58383,-0.66499],[-78.58569,-0.66368],[-78.58857,-0.66356],[-78.58971,-0.66266],[-78.59058,-0.65784],[-78.59361,-0.64817],[-78.59598,-0.6286],[-78.59589,-0.62471],[-78.59475,-0.61793],[-78.59619,-0.61468],[-78.59957,-0.61289],[-78.60021,-0.61211],[-78.60026,-0.60637],[-78.60096,-0.60308],[-78.60172,-0.59328],[-78.60032,-0.58959],[-78.60126,-0.58825],[-78.60434,-0.58709],[-78.60562,-0.58365],[-78.60569,-0.58229],[-78.6046,-0.58033],[-78.59609,-0.57403],[-78.59419,-0.57196],[-78.59032,-0.56403],[-78.57539,-0.51401],[-78.56334,-0.45835],[-78.56376,-0.45805],[-78.56504,-0.45896],[-78.56621,-0.46183],[-78.56702,-0.46238],[-78.58755,-0.46711],[-78.58777,-0.46576],[-78.5893,-0.46573],[-78.59072,-0.46656],[-78.59333,-0.46355],[-78.59359,-0.46099],[-78.59589,-0.46065],[-78.59715,-0.45985],[-78.59678,-0.45924],[-78.59533,-0.45894],[-78.59418,-0.45509],[-78.59166,-0.45282],[-78.59188,-0.45163],[-78.59499,-0.45073],[-78.59895,-0.44727],[-78.61412,-0.4388],[-78.62118,-0.43584],[-78.62361,-0.43777],[-78.62413,-0.43932],[-78.62519,-0.44032],[-78.62906,-0.44205],[-78.62904,-0.44323],[-78.62776,-0.44356],[-78.62713,-0.44464],[-78.62617,-0.44511],[-78.62617,-0.44581],[-78.62927,-0.44576],[-78.63211,-0.44499],[-78.63277,-0.44602],[-78.63124,-0.44839],[-78.63298,-0.44945],[-78.63554,-0.44739],[-78.63658,-0.44829],[-78.63759,-0.45017],[-78.63746,-0.45142],[-78.63802,-0.45181],[-78.63852,-0.45143],[-78.6386,-0.44941],[-78.63801,-0.44861],[-78.63846,-0.44662],[-78.64079,-0.44768],[-78.64282,-0.44695],[-78.64321,-0.44744],[-78.64267,-0.44874],[-78.64343,-0.44951],[-78.64705,-0.4503],[-78.64786,-0.4497],[-78.65013,-0.44981],[-78.6522,-0.44582],[-78.65501,-0.44711],[-78.65701,-0.44667],[-78.65646,-0.45041],[-78.65871,-0.452],[-78.65906,-0.45161],[-78.65908,-0.4487],[-78.6608,-0.44883],[-78.66396,-0.4475],[-78.665,-0.44409],[-78.66694,-0.44363],[-78.6677,-0.44277],[-78.66865,-0.44387],[-78.66923,-0.44383],[-78.67029,-0.44193],[-78.67173,-0.4431],[-78.67362,-0.44243],[-78.675,-0.44167],[-78.67514,-0.43996],[-78.67619,-0.43957],[-78.67794,-0.44076],[-78.67893,-0.44366],[-78.68236,-0.44738],[-78.68292,-0.44709],[-78.68283,-0.4461],[-78.6838,-0.44328],[-78.6845,-0.44332],[-78.68498,-0.44505],[-78.68399,-0.44696],[-78.68441,-0.44883],[-78.68382,-0.45048],[-78.68417,-0.45204],[-78.6853,-0.45151],[-78.68625,-0.44993],[-78.68778,-0.45034],[-78.68737,-0.44855],[-78.68884,-0.44537],[-78.68894,-0.44283],[-78.69085,-0.44338],[-78.69086,-0.44228],[-78.69161,-0.44182],[-78.69177,-0.44102],[-78.69373,-0.44158],[-78.69456,-0.43973],[-78.69618,-0.44108],[-78.69638,-0.44258],[-78.69716,-0.44357],[-78.69754,-0.44218],[-78.69888,-0.44083],[-78.70113,-0.44221],[-78.70444,-0.43731],[-78.70584,-0.43883],[-78.70699,-0.43864],[-78.70782,-0.43792],[-78.70869,-0.43889],[-78.70989,-0.43784],[-78.71112,-0.43863],[-78.71219,-0.43797],[-78.71275,-0.43818],[-78.71241,-0.44106],[-78.71273,-0.44196],[-78.71181,-0.44329],[-78.71148,-0.44496],[-78.7123,-0.44773],[-78.71448,-0.44373],[-78.71625,-0.44353],[-78.71582,-0.44139],[-78.71684,-0.44081],[-78.71759,-0.4408],[-78.71981,-0.44242],[-78.72122,-0.44226],[-78.72204,-0.44298],[-78.72264,-0.44248],[-78.72376,-0.4425],[-78.72419,-0.44167],[-78.72515,-0.44145],[-78.72558,-0.44077],[-78.72712,-0.44091],[-78.72862,-0.44317],[-78.72941,-0.44215],[-78.73085,-0.44148],[-78.73392,-0.44135],[-78.73487,-0.44013],[-78.73666,-0.44024],[-78.7398,-0.43889],[-78.74315,-0.4396],[-78.7433,-0.44009],[-78.7424,-0.44081],[-78.74247,-0.44134],[-78.74354,-0.44086],[-78.74502,-0.44143],[-78.74622,-0.44388],[-78.74571,-0.44538],[-78.74629,-0.44655],[-78.74601,-0.44749],[-78.74751,-0.44802],[-78.7487,-0.45035],[-78.75122,-0.45083],[-78.75215,-0.45222],[-78.75353,-0.45205],[-78.75492,-0.45402],[-78.75582,-0.4576],[-78.75791,-0.45904],[-78.75782,-0.46007],[-78.75677,-0.46053],[-78.75598,-0.45941],[-78.75576,-0.46059],[-78.75507,-0.45927],[-78.75443,-0.45916],[-78.75421,-0.46065],[-78.7537,-0.45996],[-78.75353,-0.46131],[-78.75238,-0.46195],[-78.75268,-0.46088],[-78.7521,-0.46137],[-78.75161,-0.46303],[-78.74965,-0.46516],[-78.74903,-0.46531],[-78.74698,-0.46403],[-78.74606,-0.46426],[-78.74451,-0.467],[-78.74438,-0.46963],[-78.74223,-0.47115],[-78.74382,-0.47088],[-78.74409,-0.47116],[-78.74362,-0.47114],[-78.74454,-0.47187],[-78.74367,-0.47169],[-78.74328,-0.47214],[-78.74429,-0.47289],[-78.74325,-0.4737],[-78.74414,-0.47376],[-78.74376,-0.47443]]}},{"type":"Feature","properties":{"name":"Llullu Llama Lodge (Isinliv\u00ed) \u279c Quito","mode":"motor","order":11},"geometry":{"type":"LineString","coordinates":[[-78.74376,-0.47443],[-78.74414,-0.47376],[-78.74325,-0.4737],[-78.74429,-0.47289],[-78.74328,-0.47214],[-78.74367,-0.47169],[-78.74454,-0.47187],[-78.74362,-0.47114],[-78.74409,-0.47116],[-78.74382,-0.47088],[-78.74223,-0.47115],[-78.74438,-0.46963],[-78.74451,-0.467],[-78.74606,-0.46426],[-78.74698,-0.46403],[-78.74903,-0.46531],[-78.74965,-0.46516],[-78.75161,-0.46303],[-78.7521,-0.46137],[-78.75268,-0.46088],[-78.75238,-0.46195],[-78.75353,-0.46131],[-78.7537,-0.45996],[-78.75421,-0.46065],[-78.75443,-0.45916],[-78.75507,-0.45927],[-78.75576,-0.46059],[-78.75598,-0.45941],[-78.75677,-0.46053],[-78.75782,-0.46007],[-78.75791,-0.45904],[-78.75563,-0.45753],[-78.75485,-0.45408],[-78.7535,-0.45214],[-78.75195,-0.45224],[-78.7511,-0.45086],[-78.74869,-0.45043],[-78.7474,-0.44801],[-78.74598,-0.44755],[-78.74622,-0.44655],[-78.74563,-0.44535],[-78.74617,-0.44388],[-78.74486,-0.44136],[-78.74347,-0.44094],[-78.74242,-0.44142],[-78.74227,-0.44092],[-78.74319,-0.44013],[-78.74315,-0.4396],[-78.73971,-0.43888],[-78.73666,-0.44024],[-78.73487,-0.44013],[-78.73392,-0.44135],[-78.73085,-0.44148],[-78.72941,-0.44215],[-78.72862,-0.44317],[-78.72712,-0.44091],[-78.72558,-0.44077],[-78.72515,-0.44145],[-78.72419,-0.44167],[-78.72376,-0.4425],[-78.72264,-0.44248],[-78.72204,-0.44298],[-78.72114,-0.44223],[-78.71971,-0.44237],[-78.71745,-0.44074],[-78.71623,-0.441],[-78.71579,-0.44161],[-78.71625,-0.44353],[-78.71448,-0.44373],[-78.7123,-0.44773],[-78.71148,-0.44496],[-78.71181,-0.44329],[-78.71273,-0.44196],[-78.71241,-0.44106],[-78.71275,-0.43818],[-78.71219,-0.43797],[-78.71112,-0.43863],[-78.70989,-0.43784],[-78.70869,-0.43889],[-78.70782,-0.43792],[-78.70699,-0.43864],[-78.70584,-0.43883],[-78.70496,-0.43756],[-78.70416,-0.43738],[-78.70113,-0.44221],[-78.69888,-0.44083],[-78.69754,-0.44218],[-78.69716,-0.44357],[-78.69638,-0.44258],[-78.69618,-0.44108],[-78.69456,-0.43973],[-78.69373,-0.44158],[-78.69177,-0.44102],[-78.69161,-0.44182],[-78.69086,-0.44228],[-78.69085,-0.44338],[-78.68894,-0.44283],[-78.68884,-0.44537],[-78.68737,-0.44855],[-78.68778,-0.45034],[-78.68625,-0.44993],[-78.6853,-0.45151],[-78.68417,-0.45204],[-78.68382,-0.45048],[-78.68441,-0.44883],[-78.68399,-0.44696],[-78.68498,-0.44505],[-78.6845,-0.44332],[-78.6838,-0.44328],[-78.68283,-0.4461],[-78.68292,-0.44709],[-78.68236,-0.44738],[-78.67893,-0.44366],[-78.67794,-0.44076],[-78.67648,-0.43961],[-78.67514,-0.43996],[-78.675,-0.44167],[-78.67362,-0.44243],[-78.67173,-0.4431],[-78.67029,-0.44193],[-78.66923,-0.44383],[-78.66865,-0.44387],[-78.6677,-0.44277],[-78.66694,-0.44363],[-78.665,-0.44409],[-78.66396,-0.4475],[-78.6608,-0.44883],[-78.65908,-0.4487],[-78.65906,-0.45161],[-78.65862,-0.45201],[-78.65646,-0.45041],[-78.65719,-0.44739],[-78.65688,-0.44662],[-78.65501,-0.44711],[-78.65209,-0.44583],[-78.65013,-0.44981],[-78.64786,-0.4497],[-78.64693,-0.45031],[-78.64422,-0.44988],[-78.6431,-0.44924],[-78.64264,-0.44862],[-78.64321,-0.44744],[-78.64282,-0.44695],[-78.64079,-0.44768],[-78.63846,-0.44662],[-78.63801,-0.44861],[-78.6386,-0.44941],[-78.63852,-0.45143],[-78.63802,-0.45181],[-78.63746,-0.45142],[-78.63759,-0.45017],[-78.63658,-0.44829],[-78.63554,-0.44739],[-78.63298,-0.44945],[-78.63124,-0.44839],[-78.63277,-0.44602],[-78.63211,-0.44499],[-78.62632,-0.44624],[-78.62461,-0.44607],[-78.62219,-0.44684],[-78.62104,-0.44584],[-78.61779,-0.44528],[-78.61003,-0.44205],[-78.60888,-0.44195],[-78.59888,-0.44737],[-78.59496,-0.45083],[-78.59185,-0.45179],[-78.59184,-0.45297],[-78.59421,-0.45498],[-78.5955,-0.45908],[-78.59692,-0.45924],[-78.59723,-0.45992],[-78.59631,-0.46061],[-78.59356,-0.46116],[-78.59343,-0.4635],[-78.59077,-0.46662],[-78.59033,-0.46906],[-78.58899,-0.46928],[-78.58709,-0.46702],[-78.56416,-0.46157],[-78.56288,-0.45709],[-78.55616,-0.44437],[-78.55334,-0.43703],[-78.55092,-0.41982],[-78.54831,-0.41381],[-78.54595,-0.40371],[-78.54422,-0.40156],[-78.54174,-0.40092],[-78.53924,-0.39655],[-78.53638,-0.39531],[-78.53478,-0.38982],[-78.53308,-0.38694],[-78.53165,-0.38264],[-78.52837,-0.36628],[-78.52884,-0.36514],[-78.53421,-0.36009],[-78.53442,-0.35858],[-78.53357,-0.35763],[-78.52857,-0.35672],[-78.52532,-0.35509],[-78.52357,-0.35365],[-78.52298,-0.35233],[-78.52362,-0.34478],[-78.52078,-0.33886],[-78.51894,-0.32857],[-78.51923,-0.32588],[-78.52121,-0.31973],[-78.52227,-0.31246],[-78.52141,-0.3019],[-78.51972,-0.29292],[-78.51965,-0.28794],[-78.51595,-0.28035],[-78.50836,-0.27177],[-78.50742,-0.26843],[-78.50735,-0.26548],[-78.50341,-0.26022],[-78.50239,-0.25811],[-78.50364,-0.25489],[-78.50334,-0.25493],[-78.50307,-0.2552],[-78.50444,-0.25494],[-78.50455,-0.25548],[-78.5056,-0.25529],[-78.50534,-0.25404],[-78.50673,-0.25082],[-78.50675,-0.25045],[-78.50603,-0.25057],[-78.50571,-0.2491],[-78.50626,-0.24912],[-78.50713,-0.24794],[-78.50691,-0.24737],[-78.5073,-0.2468],[-78.50596,-0.24431],[-78.50676,-0.24138],[-78.5062,-0.23816],[-78.51002,-0.23505],[-78.50888,-0.23423],[-78.50822,-0.2322],[-78.50569,-0.23214],[-78.50389,-0.23275],[-78.50302,-0.23234],[-78.50085,-0.2297],[-78.50024,-0.22762],[-78.49758,-0.22571],[-78.49537,-0.22203],[-78.49479,-0.21993],[-78.49133,-0.21789],[-78.49069,-0.21539],[-78.4891,-0.21321],[-78.48839,-0.2129],[-78.48803,-0.21135],[-78.48232,-0.20536],[-78.48291,-0.20171],[-78.48189,-0.19753],[-78.48339,-0.19698],[-78.47948,-0.18692],[-78.47782,-0.18582],[-78.47658,-0.18423],[-78.47419,-0.17985],[-78.47377,-0.18149],[-78.47261,-0.17987],[-78.47193,-0.17996],[-78.47037,-0.17864],[-78.469,-0.17862],[-78.46848,-0.17966],[-78.46765,-0.17975],[-78.46775,-0.18071]]}},{"type":"Feature","properties":{"name":"Quito \u2708 Santa Cruz (Gal\u00e1pagos)","mode":"flight","order":12},"geometry":{"type":"LineString","coordinates":[[-78.4678,-0.1807],[-90.351,-0.739]]}},{"type":"Feature","properties":{"name":"Santa Cruz (Gal\u00e1pagos) \u21e2 Isabela (Puerto Villamil)","mode":"boat","order":13},"geometry":{"type":"LineString","coordinates":[[-90.351,-0.739],[-91.008,-0.955]]}},{"type":"Feature","properties":{"name":"Isabela (Puerto Villamil) \u21e2 Santa Cruz (Gal\u00e1pagos)","mode":"boat","order":14},"geometry":{"type":"LineString","coordinates":[[-91.008,-0.955],[-90.351,-0.739]]}},{"type":"Feature","properties":{"name":"Santa Cruz (Gal\u00e1pagos) \u21e2 San Crist\u00f3bal (Puerto Baquerizo Moreno)","mode":"boat","order":15},"geometry":{"type":"LineString","coordinates":[[-90.351,-0.739],[-89.609,-0.901]]}},{"type":"Feature","properties":{"name":"San Crist\u00f3bal (Puerto Baquerizo Moreno) \u2708 Guayaquil","mode":"flight","order":16},"geometry":{"type":"LineString","coordinates":[[-89.609,-0.901],[-79.922,-2.17]]}},{"type":"Feature","properties":{"name":"Guayaquil \u279c M\u00e1ncora","mode":"bus","order":17},"geometry":{"type":"LineString","coordinates":[[-79.92215,-2.17012],[-79.92029,-2.16854],[-79.91463,-2.17397],[-79.907,-2.16757],[-79.90657,-2.16809],[-79.90246,-2.16918],[-79.90195,-2.1682],[-79.89784,-2.17137],[-79.87947,-2.17069],[-79.88026,-2.1588],[-79.8789,-2.15553],[-79.87734,-2.15476],[-79.86817,-2.15258],[-79.86431,-2.15296],[-79.86182,-2.15414],[-79.82232,-2.18093],[-79.80047,-2.18844],[-79.78407,-2.19725],[-79.77797,-2.19878],[-79.76023,-2.19999],[-79.75593,-2.20129],[-79.74192,-2.20745],[-79.73833,-2.2086],[-79.72058,-2.21033],[-79.71591,-2.21122],[-79.69504,-2.21901],[-79.67997,-2.22256],[-79.6563,-2.23364],[-79.64901,-2.23519],[-79.64203,-2.23538],[-79.63932,-2.23591],[-79.63541,-2.24865],[-79.63979,-2.28764],[-79.63123,-2.38331],[-79.62972,-2.39956],[-79.6239,-2.40855],[-79.62356,-2.40991],[-79.62835,-2.45313],[-79.62819,-2.4555],[-79.61706,-2.48183],[-79.61606,-2.48335],[-79.57585,-2.51665],[-79.55238,-2.53479],[-79.55023,-2.53723],[-79.54606,-2.54653],[-79.54638,-2.54932],[-79.54778,-2.55136],[-79.55964,-2.56109],[-79.5743,-2.56952],[-79.60759,-2.59794],[-79.62366,-2.61277],[-79.62491,-2.6163],[-79.62629,-2.63444],[-79.62505,-2.63706],[-79.61916,-2.64187],[-79.61786,-2.64378],[-79.61498,-2.66894],[-79.62249,-2.67632],[-79.62544,-2.68368],[-79.64008,-2.68929],[-79.65984,-2.71053],[-79.66157,-2.7113],[-79.66821,-2.71235],[-79.67026,-2.71368],[-79.67242,-2.7187],[-79.67323,-2.72457],[-79.68058,-2.74095],[-79.68038,-2.74359],[-79.67734,-2.75004],[-79.67789,-2.75325],[-79.68038,-2.75865],[-79.68134,-2.7598],[-79.69007,-2.76342],[-79.69147,-2.76478],[-79.71339,-2.81063],[-79.71309,-2.81304],[-79.70829,-2.81692],[-79.7069,-2.81912],[-79.70773,-2.83332],[-79.70294,-2.84348],[-79.70239,-2.8455],[-79.70813,-2.92797],[-79.70938,-2.93032],[-79.71392,-2.93303],[-79.71501,-2.93469],[-79.71987,-2.95817],[-79.72824,-2.98717],[-79.73364,-3.00853],[-79.74206,-3.03846],[-79.7421,-3.04043],[-79.74121,-3.04389],[-79.74166,-3.04617],[-79.74909,-3.06702],[-79.76188,-3.09],[-79.76588,-3.10545],[-79.77362,-3.11737],[-79.77457,-3.1196],[-79.78069,-3.14559],[-79.78045,-3.16046],[-79.78262,-3.18099],[-79.77959,-3.19298],[-79.77974,-3.19757],[-79.78054,-3.19976],[-79.78449,-3.20397],[-79.79494,-3.21097],[-79.79858,-3.21422],[-79.80111,-3.21485],[-79.80759,-3.21455],[-79.81026,-3.2158],[-79.81276,-3.21909],[-79.8207,-3.23247],[-79.83014,-3.2337],[-79.84303,-3.24575],[-79.8495,-3.24885],[-79.85096,-3.2488],[-79.85166,-3.25036],[-79.86034,-3.2594],[-79.88457,-3.29266],[-79.8862,-3.29559],[-79.89031,-3.30616],[-79.89114,-3.31136],[-79.89318,-3.35037],[-79.89246,-3.35213],[-79.88829,-3.35605],[-79.88794,-3.35729],[-79.88829,-3.35867],[-79.90239,-3.3752],[-79.94566,-3.401],[-79.94763,-3.40355],[-79.95602,-3.42695],[-79.95709,-3.42768],[-79.96808,-3.43098],[-79.96978,-3.43225],[-79.97171,-3.4358],[-79.97597,-3.44716],[-79.97688,-3.45245],[-79.98121,-3.52046],[-79.98322,-3.52235],[-80.00085,-3.52772],[-80.00789,-3.53254],[-80.03216,-3.54567],[-80.03313,-3.54711],[-80.03668,-3.55849],[-80.0365,-3.56052],[-80.03389,-3.56522],[-80.03366,-3.56641],[-80.034,-3.56837],[-80.03517,-3.56982],[-80.03697,-3.57063],[-80.04183,-3.57103],[-80.04354,-3.57036],[-80.04714,-3.56747],[-80.05279,-3.56789],[-80.06092,-3.56412],[-80.06361,-3.56518],[-80.06523,-3.56521],[-80.08527,-3.5495],[-80.10051,-3.54817],[-80.18298,-3.53099],[-80.18566,-3.5288],[-80.20637,-3.49723],[-80.20836,-3.49624],[-80.23387,-3.49721],[-80.2372,-3.49779],[-80.23993,-3.49897],[-80.24265,-3.50102],[-80.24478,-3.50369],[-80.24831,-3.51029],[-80.24927,-3.51028],[-80.25123,-3.51179],[-80.25144,-3.51263],[-80.26135,-3.51461],[-80.26392,-3.51456],[-80.26715,-3.51579],[-80.27778,-3.51777],[-80.28184,-3.51767],[-80.28566,-3.51633],[-80.28902,-3.5139],[-80.29443,-3.5081],[-80.29715,-3.50775],[-80.35424,-3.52451],[-80.36586,-3.53032],[-80.38564,-3.53838],[-80.39781,-3.54716],[-80.40043,-3.54832],[-80.41506,-3.55167],[-80.45126,-3.55739],[-80.45229,-3.5583],[-80.46007,-3.56977],[-80.46503,-3.57584],[-80.4717,-3.58276],[-80.48226,-3.59655],[-80.4843,-3.59784],[-80.49204,-3.59961],[-80.50524,-3.60871],[-80.52083,-3.61825],[-80.5245,-3.61891],[-80.54332,-3.61495],[-80.54634,-3.61523],[-80.58294,-3.63699],[-80.60027,-3.63904],[-80.60398,-3.64022],[-80.61502,-3.64959],[-80.61841,-3.65502],[-80.62246,-3.65979],[-80.6268,-3.66321],[-80.63156,-3.66528],[-80.63339,-3.66808],[-80.63577,-3.67021],[-80.63836,-3.67041],[-80.64523,-3.6679],[-80.65117,-3.66929],[-80.65447,-3.66881],[-80.65887,-3.66939],[-80.66284,-3.67406],[-80.66701,-3.67701],[-80.67318,-3.67962],[-80.67605,-3.68031],[-80.6777,-3.68061],[-80.68218,-3.68013],[-80.68376,-3.6806],[-80.69195,-3.6872],[-80.69454,-3.69037],[-80.70102,-3.69383],[-80.71967,-3.70689],[-80.73012,-3.71604],[-80.73214,-3.71631],[-80.73995,-3.71432],[-80.74844,-3.71861],[-80.75235,-3.71827],[-80.75448,-3.71928],[-80.75706,-3.7234],[-80.76447,-3.73016],[-80.7694,-3.73892],[-80.77426,-3.74291],[-80.77716,-3.74359],[-80.77924,-3.74509],[-80.78236,-3.74491],[-80.78662,-3.74982],[-80.79352,-3.7642],[-80.82886,-3.85281],[-80.82934,-3.85542],[-80.82916,-3.86753],[-80.83026,-3.87249],[-80.83104,-3.87398],[-80.8388,-3.8807],[-80.8453,-3.88388],[-80.8495,-3.88795],[-80.85592,-3.89591],[-80.86794,-3.89879],[-80.87557,-3.90236],[-80.87889,-3.90578],[-80.88252,-3.90778],[-80.88722,-3.91464],[-80.8906,-3.91519],[-80.89587,-3.91939],[-80.90603,-3.9246],[-80.91302,-3.93026],[-80.92406,-3.93626],[-80.93811,-3.94541],[-80.94262,-3.94638],[-80.94682,-3.94995],[-80.94751,-3.9514],[-80.94546,-3.9659],[-80.94634,-3.96885],[-80.95853,-3.9825],[-80.9604,-3.9833],[-80.96412,-3.98268],[-80.96555,-3.983],[-80.9724,-3.99013],[-80.97478,-3.99818],[-80.97896,-4.00432],[-80.97914,-4.00617],[-80.97798,-4.01333],[-80.97662,-4.01518],[-80.96856,-4.0181],[-80.96749,-4.01885],[-80.95466,-4.04154],[-80.95406,-4.04349],[-80.95399,-4.04982],[-80.95585,-4.05406],[-80.95784,-4.05554],[-80.9852,-4.06515],[-81.00421,-4.07569],[-81.01801,-4.07929],[-81.01993,-4.08132],[-81.02833,-4.10037],[-81.03139,-4.10265],[-81.04782,-4.1064],[-81.05155,-4.10675],[-81.05294,-4.10607]]}},{"type":"Feature","properties":{"name":"M\u00e1ncora \u279c Huanchaco","mode":"bus","order":18},"geometry":{"type":"LineString","coordinates":[[-81.05294,-4.10607],[-81.05357,-4.10631],[-81.05352,-4.10685],[-81.0554,-4.10736],[-81.05861,-4.10729],[-81.061,-4.1079],[-81.06361,-4.11054],[-81.06553,-4.11603],[-81.06495,-4.12194],[-81.06769,-4.13185],[-81.06882,-4.13372],[-81.07037,-4.13472],[-81.07461,-4.13599],[-81.07909,-4.1364],[-81.0831,-4.13846],[-81.08864,-4.14016],[-81.09037,-4.14123],[-81.09505,-4.14964],[-81.09511,-4.15179],[-81.09367,-4.15491],[-81.09402,-4.1561],[-81.09976,-4.15749],[-81.10702,-4.16479],[-81.11658,-4.16654],[-81.12078,-4.1724],[-81.13251,-4.18177],[-81.13365,-4.18382],[-81.13385,-4.18742],[-81.13468,-4.18926],[-81.13939,-4.19711],[-81.14163,-4.19975],[-81.14135,-4.20466],[-81.14224,-4.20704],[-81.14322,-4.20756],[-81.14665,-4.20742],[-81.15413,-4.20883],[-81.16733,-4.22131],[-81.16669,-4.22219],[-81.16694,-4.22317],[-81.17001,-4.22592],[-81.16952,-4.22686],[-81.16828,-4.22727],[-81.16892,-4.22879],[-81.16985,-4.22794],[-81.17072,-4.22798],[-81.17147,-4.22866],[-81.17194,-4.22782],[-81.17344,-4.2284],[-81.17264,-4.22877],[-81.1727,-4.2295],[-81.17396,-4.23006],[-81.1743,-4.23193],[-81.176,-4.23312],[-81.17571,-4.23402],[-81.17662,-4.23457],[-81.17829,-4.23708],[-81.17861,-4.23848],[-81.18094,-4.23909],[-81.18524,-4.2432],[-81.19653,-4.25003],[-81.20493,-4.26399],[-81.20499,-4.26586],[-81.20375,-4.2674],[-81.19785,-4.26788],[-81.19662,-4.26874],[-81.19522,-4.27965],[-81.19432,-4.28144],[-81.18474,-4.28999],[-81.18064,-4.29285],[-81.17542,-4.29775],[-81.16434,-4.31163],[-81.15765,-4.31539],[-81.15261,-4.31959],[-81.14834,-4.32393],[-81.14437,-4.32638],[-81.13769,-4.33425],[-81.13017,-4.34187],[-81.12784,-4.34471],[-81.12418,-4.35471],[-81.15391,-4.42379],[-81.1679,-4.43868],[-81.17691,-4.44946],[-81.18781,-4.45425],[-81.19193,-4.45477],[-81.19334,-4.45549],[-81.19571,-4.45964],[-81.19605,-4.46255],[-81.19664,-4.46364],[-81.19732,-4.46441],[-81.19854,-4.46426],[-81.19828,-4.46651],[-81.19989,-4.4669],[-81.20193,-4.47154],[-81.20463,-4.47402],[-81.20558,-4.47697],[-81.21612,-4.48355],[-81.21826,-4.48442],[-81.2204,-4.48633],[-81.22186,-4.50271],[-81.21875,-4.50782],[-81.21562,-4.51714],[-81.21429,-4.5183],[-81.20837,-4.51818],[-81.20403,-4.52067],[-81.20356,-4.52148],[-81.20603,-4.53516],[-81.20957,-4.54158],[-81.2175,-4.56369],[-81.15734,-4.60574],[-81.14897,-4.61675],[-81.14348,-4.62813],[-81.13794,-4.63487],[-81.13708,-4.63692],[-81.13711,-4.64107],[-81.13638,-4.64257],[-81.12574,-4.64715],[-81.08605,-4.69278],[-81.083,-4.69501],[-80.99337,-4.74883],[-80.88783,-4.84434],[-80.88492,-4.84581],[-80.88219,-4.84653],[-80.85256,-4.84792],[-80.83667,-4.84568],[-80.8085,-4.84062],[-80.8032,-4.84077],[-80.79857,-4.8429],[-80.77983,-4.85698],[-80.77719,-4.85821],[-80.76518,-4.86018],[-80.76255,-4.85973],[-80.75205,-4.85616],[-80.73657,-4.85639],[-80.73365,-4.85707],[-80.71466,-4.87198],[-80.70764,-4.88142],[-80.70623,-4.8822],[-80.70024,-4.88378],[-80.69832,-4.88556],[-80.69791,-4.88693],[-80.69687,-4.91656],[-80.69655,-4.9391],[-80.70172,-5.04143],[-80.70664,-5.07383],[-80.70686,-5.08162],[-80.6988,-5.14195],[-80.69057,-5.16922],[-80.69076,-5.17192],[-80.69289,-5.1801],[-80.69246,-5.18538],[-80.69105,-5.1902],[-80.68288,-5.20772],[-80.68099,-5.21044],[-80.67879,-5.21219],[-80.66724,-5.21882],[-80.62146,-5.25041],[-80.61884,-5.25282],[-80.6157,-5.25672],[-80.61293,-5.2636],[-80.6124,-5.26778],[-80.61267,-5.27204],[-80.62029,-5.30796],[-80.62101,-5.31686],[-80.60945,-5.43948],[-80.59736,-5.50019],[-80.5854,-5.54543],[-80.57615,-5.59732],[-80.57584,-5.60081],[-80.57767,-5.63071],[-80.56306,-5.68949],[-80.55862,-5.73532],[-80.54022,-5.79983],[-80.52801,-6.0082],[-80.52617,-6.01564],[-80.48001,-6.14535],[-80.47708,-6.15048],[-80.47238,-6.15646],[-80.42342,-6.20497],[-80.36438,-6.25613],[-80.35924,-6.25927],[-80.35395,-6.26174],[-80.26215,-6.30077],[-80.25688,-6.30365],[-80.25174,-6.30749],[-80.24771,-6.31145],[-80.24453,-6.31545],[-80.16166,-6.42932],[-80.15336,-6.43987],[-80.14882,-6.44393],[-80.10623,-6.47511],[-80.0127,-6.5462],[-80.0071,-6.55139],[-79.9958,-6.5653],[-79.95815,-6.62543],[-79.94363,-6.64762],[-79.90512,-6.68078],[-79.90407,-6.68512],[-79.90375,-6.68985],[-79.90418,-6.70729],[-79.9001,-6.71394],[-79.89363,-6.72145],[-79.88973,-6.72796],[-79.86533,-6.75436],[-79.86154,-6.76036],[-79.86126,-6.76188],[-79.8602,-6.76285],[-79.8574,-6.76791],[-79.85558,-6.77018],[-79.84227,-6.77153],[-79.84282,-6.77728],[-79.84254,-6.78091],[-79.84463,-6.78745],[-79.84391,-6.78892],[-79.84119,-6.79208],[-79.83867,-6.80401],[-79.82942,-6.80536],[-79.82913,-6.84526],[-79.8239,-6.85917],[-79.81705,-6.86388],[-79.81733,-6.87525],[-79.81064,-6.88428],[-79.73275,-6.93336],[-79.68883,-6.96031],[-79.6712,-6.97601],[-79.66899,-6.97673],[-79.64536,-6.97898],[-79.629,-6.98608],[-79.62538,-6.98979],[-79.62048,-6.99129],[-79.60976,-7.01234],[-79.56085,-7.06934],[-79.50098,-7.10859],[-79.48841,-7.11862],[-79.44192,-7.15823],[-79.44017,-7.17031],[-79.43809,-7.17732],[-79.43699,-7.17933],[-79.43258,-7.18431],[-79.43041,-7.18942],[-79.42751,-7.20407],[-79.4273,-7.20984],[-79.42786,-7.21192],[-79.43212,-7.21861],[-79.43774,-7.22184],[-79.46706,-7.24462],[-79.47009,-7.24908],[-79.47326,-7.24823],[-79.47787,-7.24858],[-79.48619,-7.25406],[-79.49039,-7.25533],[-79.49124,-7.2566],[-79.49064,-7.25869],[-79.48132,-7.26826],[-79.4773,-7.27352],[-79.47442,-7.28093],[-79.47299,-7.29214],[-79.47459,-7.29789],[-79.47679,-7.3007],[-79.48024,-7.30726],[-79.48096,-7.31168],[-79.48018,-7.31854],[-79.48104,-7.32343],[-79.47988,-7.33242],[-79.46852,-7.33784],[-79.45975,-7.34875],[-79.46263,-7.35764],[-79.46237,-7.36192],[-79.46698,-7.36297],[-79.46844,-7.3664],[-79.4697,-7.36724],[-79.4709,-7.36731],[-79.47196,-7.36938],[-79.47253,-7.37198],[-79.47626,-7.37447],[-79.48594,-7.38275],[-79.49108,-7.38874],[-79.49881,-7.3963],[-79.50019,-7.40101],[-79.50339,-7.41849],[-79.49831,-7.41935],[-79.49764,-7.42016],[-79.49835,-7.42824],[-79.50281,-7.43797],[-79.50114,-7.44374],[-79.50128,-7.44816],[-79.50062,-7.44909],[-79.49705,-7.45158],[-79.49567,-7.45156],[-79.49429,-7.45224],[-79.47559,-7.45669],[-79.45679,-7.45803],[-79.42403,-7.47364],[-79.42223,-7.47519],[-79.40872,-7.50329],[-79.36938,-7.57657],[-79.36886,-7.58081],[-79.37196,-7.6004],[-79.37151,-7.60478],[-79.37009,-7.60877],[-79.35918,-7.63139],[-79.35172,-7.64304],[-79.34356,-7.6537],[-79.33324,-7.6622],[-79.32841,-7.66867],[-79.3241,-7.67883],[-79.30677,-7.72656],[-79.30398,-7.73164],[-79.29228,-7.73895],[-79.28127,-7.75091],[-79.27031,-7.75795],[-79.24343,-7.78458],[-79.24117,-7.78588],[-79.23148,-7.78949],[-79.22771,-7.78647],[-79.22593,-7.7858],[-79.22162,-7.78552],[-79.21662,-7.78671],[-79.21523,-7.78796],[-79.21334,-7.79217],[-79.20941,-7.79429],[-79.17847,-7.81487],[-79.17041,-7.82221],[-79.1667,-7.82648],[-79.16587,-7.82679],[-79.15279,-7.8396],[-79.15171,-7.84017],[-79.15142,-7.84112],[-79.1506,-7.84134],[-79.14781,-7.84457],[-79.14068,-7.85949],[-79.14106,-7.86162],[-79.1393,-7.86245],[-79.13683,-7.86645],[-79.1075,-7.92698],[-79.10045,-7.93389],[-79.09934,-7.93553],[-79.08329,-7.96949],[-79.07927,-7.97922],[-79.07,-8.00813],[-79.07046,-8.01092],[-79.08433,-8.04165],[-79.09633,-8.08658],[-79.09703,-8.08697],[-79.09956,-8.08664],[-79.10119,-8.0873],[-79.10869,-8.09644],[-79.11054,-8.09731],[-79.11218,-8.09717],[-79.11355,-8.09641],[-79.11949,-8.08917],[-79.12088,-8.08981],[-79.12035,-8.0908]]}},{"type":"Feature","properties":{"name":"Huanchaco \u279c Huaraz","mode":"bus","order":19},"geometry":{"type":"LineString","coordinates":[[-79.12035,-8.0908],[-79.12088,-8.08981],[-79.11955,-8.08921],[-79.11311,-8.09684],[-79.11108,-8.09742],[-79.10822,-8.09992],[-79.10422,-8.10229],[-79.10251,-8.10279],[-79.09814,-8.10573],[-79.09603,-8.10993],[-79.09217,-8.11405],[-79.07149,-8.12961],[-79.05872,-8.13658],[-79.05263,-8.14052],[-79.03781,-8.15292],[-79.03548,-8.15246],[-79.02801,-8.14416],[-79.02746,-8.14311],[-79.02738,-8.13706],[-79.02227,-8.13126],[-79.02173,-8.13092],[-79.02098,-8.1312],[-79.0134,-8.14153],[-79.01134,-8.15066],[-79.01234,-8.15399],[-79.01212,-8.15988],[-79.00894,-8.16556],[-78.9781,-8.18906],[-78.96769,-8.19816],[-78.9558,-8.20727],[-78.94482,-8.22856],[-78.94072,-8.24226],[-78.9342,-8.25666],[-78.92789,-8.26426],[-78.92416,-8.27557],[-78.91917,-8.28287],[-78.90814,-8.29646],[-78.90361,-8.30949],[-78.90119,-8.31827],[-78.88706,-8.34098],[-78.86665,-8.37028],[-78.86648,-8.3712],[-78.84069,-8.40061],[-78.83739,-8.40289],[-78.79222,-8.41426],[-78.78973,-8.4153],[-78.7875,-8.41726],[-78.77765,-8.42936],[-78.77576,-8.43096],[-78.73596,-8.44868],[-78.69847,-8.48389],[-78.69421,-8.48862],[-78.68394,-8.52077],[-78.6823,-8.52792],[-78.68162,-8.53446],[-78.68097,-8.53555],[-78.67697,-8.53916],[-78.67534,-8.54247],[-78.67359,-8.56858],[-78.66931,-8.57726],[-78.66732,-8.6042],[-78.66653,-8.60737],[-78.66378,-8.61084],[-78.62668,-8.6388],[-78.62409,-8.64178],[-78.62216,-8.64495],[-78.61997,-8.65213],[-78.6199,-8.65738],[-78.62118,-8.66287],[-78.62971,-8.6811],[-78.63277,-8.68421],[-78.63344,-8.68631],[-78.63516,-8.68887],[-78.63939,-8.7002],[-78.64026,-8.70672],[-78.63994,-8.70788],[-78.63773,-8.70945],[-78.63711,-8.71088],[-78.6334,-8.75702],[-78.63359,-8.75952],[-78.6406,-8.78823],[-78.65627,-8.81892],[-78.65689,-8.82149],[-78.63588,-8.92806],[-78.63581,-8.93021],[-78.63758,-8.93473],[-78.63676,-8.94063],[-78.63576,-8.94248],[-78.63279,-8.9458],[-78.63166,-8.95321],[-78.63023,-8.95584],[-78.62731,-8.95744],[-78.62032,-8.95733],[-78.61728,-8.95851],[-78.60552,-8.97335],[-78.60317,-8.97528],[-78.60099,-8.97602],[-78.59742,-8.97634],[-78.59612,-8.97577],[-78.58325,-8.97438],[-78.57691,-8.97449],[-78.56981,-8.97645],[-78.56315,-8.98052],[-78.55916,-8.98457],[-78.55199,-8.99405],[-78.55117,-8.99585],[-78.54986,-8.99687],[-78.53817,-9.01213],[-78.52974,-9.02394],[-78.51866,-9.0363],[-78.51732,-9.03853],[-78.51594,-9.0439],[-78.51592,-9.04991],[-78.51913,-9.06425],[-78.51962,-9.06912],[-78.51913,-9.07421],[-78.51735,-9.07988],[-78.51478,-9.08459],[-78.48477,-9.12479],[-78.48235,-9.12886],[-78.47944,-9.13591],[-78.47244,-9.14601],[-78.4696,-9.15385],[-78.46758,-9.16509],[-78.46724,-9.17454],[-78.46836,-9.1868],[-78.46574,-9.19262],[-78.4616,-9.19769],[-78.45064,-9.21395],[-78.44825,-9.23892],[-78.44281,-9.24807],[-78.44116,-9.24925],[-78.43548,-9.25566],[-78.43446,-9.25602],[-78.41863,-9.27385],[-78.41591,-9.28231],[-78.41613,-9.28717],[-78.41479,-9.29279],[-78.4108,-9.30074],[-78.40513,-9.3073],[-78.4038,-9.31018],[-78.40381,-9.31218],[-78.4058,-9.31987],[-78.40633,-9.3256],[-78.40523,-9.32708],[-78.40098,-9.3303],[-78.39991,-9.33326],[-78.39827,-9.3357],[-78.39857,-9.3405],[-78.39726,-9.34212],[-78.39537,-9.34875],[-78.39292,-9.35294],[-78.39279,-9.35391],[-78.39198,-9.3545],[-78.39022,-9.35742],[-78.38906,-9.36043],[-78.38533,-9.38092],[-78.36549,-9.42314],[-78.34774,-9.44927],[-78.31492,-9.4685],[-78.31111,-9.47136],[-78.30667,-9.47363],[-78.30526,-9.4771],[-78.30111,-9.47517],[-78.29664,-9.47449],[-78.29578,-9.47505],[-78.29225,-9.48104],[-78.27705,-9.48525],[-78.27519,-9.48454],[-78.27067,-9.48428],[-78.24728,-9.47203],[-78.2417,-9.47034],[-78.24075,-9.46959],[-78.23764,-9.4646],[-78.23505,-9.46203],[-78.22761,-9.45282],[-78.22501,-9.45238],[-78.22214,-9.45071],[-78.21546,-9.44458],[-78.19196,-9.43871],[-78.1834,-9.43448],[-78.1748,-9.43429],[-78.16844,-9.4346],[-78.16523,-9.43529],[-78.16285,-9.43616],[-78.1588,-9.44195],[-78.14849,-9.46099],[-78.14671,-9.46235],[-78.13772,-9.46519],[-78.13506,-9.46869],[-78.13221,-9.47462],[-78.1262,-9.48162],[-78.12512,-9.48219],[-78.12123,-9.48141],[-78.10917,-9.48281],[-78.10664,-9.48438],[-78.10086,-9.48968],[-78.09766,-9.49081],[-78.09483,-9.48971],[-78.09417,-9.49164],[-78.08788,-9.49594],[-78.08538,-9.49822],[-78.08125,-9.49991],[-78.08069,-9.50116],[-78.07797,-9.50202],[-78.07699,-9.50163],[-78.0762,-9.50236],[-78.07547,-9.50219],[-78.07503,-9.50283],[-78.07309,-9.503],[-78.07257,-9.50392],[-78.07191,-9.50351],[-78.07308,-9.50272],[-78.07296,-9.50231],[-78.06955,-9.50455],[-78.06317,-9.50475],[-78.06088,-9.50555],[-78.06018,-9.50623],[-78.05935,-9.50861],[-78.05857,-9.51432],[-78.05547,-9.51764],[-78.05241,-9.51696],[-78.02564,-9.51533],[-78.01881,-9.51426],[-78.01243,-9.51222],[-78.00932,-9.51244],[-78.00096,-9.51136],[-78.00049,-9.51171],[-78.00045,-9.51335],[-77.99985,-9.51392],[-77.99423,-9.51384],[-77.99175,-9.51564],[-77.9882,-9.51716],[-77.98836,-9.51931],[-77.98781,-9.52089],[-77.98803,-9.52416],[-77.9875,-9.52506],[-77.98582,-9.52551],[-77.98651,-9.52599],[-77.98877,-9.53054],[-77.98722,-9.5314],[-77.98678,-9.53294],[-77.9795,-9.53179],[-77.97485,-9.5302],[-77.96717,-9.53085],[-77.96523,-9.53167],[-77.96023,-9.5326],[-77.95761,-9.53245],[-77.95502,-9.53445],[-77.95296,-9.53699],[-77.95011,-9.53882],[-77.94828,-9.53942],[-77.94687,-9.53942],[-77.94373,-9.53744],[-77.94034,-9.53607],[-77.93356,-9.53475],[-77.92531,-9.53426],[-77.91992,-9.53732],[-77.91821,-9.53915],[-77.91771,-9.54142],[-77.91714,-9.54185],[-77.91429,-9.54005],[-77.91283,-9.53973],[-77.90646,-9.54249],[-77.90515,-9.54224],[-77.9035,-9.54341],[-77.90289,-9.54553],[-77.90342,-9.54744],[-77.89994,-9.55389],[-77.8984,-9.55861],[-77.89857,-9.56002],[-77.89809,-9.56167],[-77.89864,-9.5642],[-77.89741,-9.56545],[-77.89724,-9.56674],[-77.89632,-9.56721],[-77.89514,-9.56614],[-77.89602,-9.56554],[-77.89679,-9.56316],[-77.89604,-9.5625],[-77.89614,-9.56093],[-77.89568,-9.55998],[-77.89522,-9.55999],[-77.89479,-9.56178],[-77.8937,-9.56265],[-77.89242,-9.56284],[-77.89063,-9.56227],[-77.89012,-9.55907],[-77.88867,-9.55934],[-77.88391,-9.55676],[-77.88001,-9.55557],[-77.87302,-9.54762],[-77.87083,-9.54691],[-77.86534,-9.54636],[-77.85958,-9.54719],[-77.85545,-9.5464],[-77.85297,-9.54529],[-77.85148,-9.54538],[-77.85088,-9.54556],[-77.84768,-9.54946],[-77.8467,-9.5498],[-77.84529,-9.5517],[-77.84376,-9.55261],[-77.84091,-9.55086],[-77.83941,-9.55072],[-77.83785,-9.54795],[-77.83467,-9.5455],[-77.83311,-9.54631],[-77.83114,-9.54651],[-77.82953,-9.54799],[-77.82461,-9.54833],[-77.82208,-9.54652],[-77.81976,-9.54697],[-77.8182,-9.54671],[-77.81597,-9.54776],[-77.81649,-9.54723],[-77.81615,-9.54718],[-77.81476,-9.54813],[-77.81533,-9.54705],[-77.81434,-9.54747],[-77.81364,-9.54715],[-77.81346,-9.54764],[-77.81151,-9.54829],[-77.80853,-9.55039],[-77.80743,-9.55005],[-77.80582,-9.55053],[-77.80403,-9.54985],[-77.80164,-9.5508],[-77.7981,-9.55037],[-77.79655,-9.55089],[-77.79361,-9.5504],[-77.78785,-9.54534],[-77.78453,-9.54482],[-77.7855,-9.54438],[-77.78356,-9.54389],[-77.78306,-9.54281],[-77.78033,-9.54251],[-77.77934,-9.54283],[-77.77858,-9.5423],[-77.77743,-9.53817],[-77.77636,-9.53659],[-77.77898,-9.53798],[-77.7774,-9.53608],[-77.77306,-9.53419],[-77.77314,-9.53239],[-77.77207,-9.53171],[-77.77048,-9.52948],[-77.77077,-9.52774],[-77.77041,-9.52711],[-77.76975,-9.52976],[-77.76978,-9.53249],[-77.77067,-9.53312],[-77.7708,-9.53567],[-77.77176,-9.53651],[-77.77187,-9.53748],[-77.77405,-9.5392],[-77.77186,-9.53801],[-77.7726,-9.5391],[-77.76979,-9.54035],[-77.77123,-9.53918],[-77.77115,-9.53868],[-77.76939,-9.5399],[-77.76902,-9.54084],[-77.76972,-9.53859],[-77.76831,-9.53744],[-77.7693,-9.53851],[-77.76846,-9.53954],[-77.76778,-9.54321],[-77.76535,-9.54515],[-77.76487,-9.54708],[-77.76351,-9.54857],[-77.76058,-9.55091],[-77.7569,-9.55091],[-77.75449,-9.55144],[-77.75293,-9.55071],[-77.75188,-9.55143],[-77.75071,-9.55143],[-77.74948,-9.55059],[-77.74783,-9.55035],[-77.74523,-9.54698],[-77.74403,-9.54945],[-77.74093,-9.54979],[-77.73747,-9.55233],[-77.73678,-9.55238],[-77.73531,-9.54928],[-77.73493,-9.54615],[-77.73216,-9.5418],[-77.73165,-9.545],[-77.73182,-9.54762],[-77.72943,-9.55053],[-77.72798,-9.55107],[-77.72814,-9.553],[-77.72769,-9.55432],[-77.72459,-9.55584],[-77.72395,-9.55784],[-77.7232,-9.55849],[-77.71863,-9.55559],[-77.71837,-9.55598],[-77.71912,-9.55678],[-77.71867,-9.55823],[-77.71498,-9.55886],[-77.71397,-9.56019],[-77.71476,-9.55858],[-77.71786,-9.5576],[-77.71764,-9.55584],[-77.71732,-9.55601],[-77.71757,-9.55736],[-77.71401,-9.55784],[-77.713,-9.55929],[-77.70765,-9.55947],[-77.71116,-9.55799],[-77.71243,-9.55809],[-77.7106,-9.55768],[-77.707,-9.55844],[-77.70503,-9.56044],[-77.70229,-9.5608],[-77.69953,-9.55958],[-77.69831,-9.55754],[-77.69724,-9.56012],[-77.69522,-9.55977],[-77.69356,-9.56031],[-77.6896,-9.55667],[-77.68948,-9.55603],[-77.68894,-9.55676],[-77.68863,-9.55878],[-77.68783,-9.55939],[-77.6857,-9.55902],[-77.68278,-9.55761],[-77.6812,-9.55748],[-77.68057,-9.55669],[-77.67935,-9.55626],[-77.67902,-9.5553],[-77.67596,-9.5523],[-77.67425,-9.55205],[-77.672,-9.55076],[-77.67152,-9.55111],[-77.67259,-9.5511],[-77.67373,-9.55226],[-77.67276,-9.55151],[-77.67185,-9.55204],[-77.67034,-9.55159],[-77.66823,-9.55242],[-77.6628,-9.5528],[-77.66451,-9.55309],[-77.66472,-9.55369],[-77.66409,-9.5532],[-77.66039,-9.55375],[-77.66394,-9.55367],[-77.66454,-9.55422],[-77.66447,-9.55494],[-77.66428,-9.55413],[-77.66376,-9.55395],[-77.65767,-9.55506],[-77.65675,-9.55608],[-77.6523,-9.55428],[-77.65489,-9.55637],[-77.65493,-9.55689],[-77.6535,-9.55585],[-77.65044,-9.55545],[-77.64843,-9.55341],[-77.64616,-9.55322],[-77.64796,-9.5539],[-77.64879,-9.55476],[-77.64899,-9.55635],[-77.64848,-9.55509],[-77.6471,-9.55402],[-77.6453,-9.55347],[-77.64454,-9.55397],[-77.64355,-9.55203],[-77.64206,-9.55184],[-77.64193,-9.55218],[-77.64311,-9.55203],[-77.64348,-9.55255],[-77.64253,-9.5556],[-77.64299,-9.55626],[-77.64205,-9.55585],[-77.64186,-9.55336],[-77.64096,-9.55329],[-77.64038,-9.55229],[-77.63851,-9.55209],[-77.63761,-9.55104],[-77.63605,-9.55039],[-77.63766,-9.55207],[-77.63747,-9.55322],[-77.63945,-9.55526],[-77.64052,-9.55941],[-77.63855,-9.55617],[-77.63585,-9.55471],[-77.63502,-9.55374],[-77.63479,-9.55234],[-77.63316,-9.55124],[-77.63014,-9.55082],[-77.62694,-9.54872],[-77.62606,-9.54886],[-77.62577,-9.54734],[-77.62473,-9.54993],[-77.6249,-9.54789],[-77.6244,-9.54587],[-77.62553,-9.54559],[-77.62394,-9.54533],[-77.62299,-9.5465],[-77.62218,-9.55029],[-77.62036,-9.54677],[-77.61599,-9.5476],[-77.61597,-9.54954],[-77.61388,-9.55189],[-77.61113,-9.55681],[-77.60888,-9.55759],[-77.60816,-9.55842],[-77.6083,-9.56061],[-77.6092,-9.56153],[-77.60873,-9.56253],[-77.60778,-9.56298],[-77.60631,-9.56264],[-77.60579,-9.56308],[-77.60399,-9.56076],[-77.60221,-9.56088],[-77.60006,-9.55922],[-77.59861,-9.5594],[-77.59536,-9.56442],[-77.59527,-9.56623],[-77.59395,-9.56223],[-77.59505,-9.56157],[-77.59525,-9.56091],[-77.59505,-9.55591],[-77.59696,-9.5548],[-77.60073,-9.55539],[-77.59779,-9.55382],[-77.5965,-9.55224],[-77.59522,-9.55236],[-77.59408,-9.55339],[-77.59285,-9.5535],[-77.59231,-9.55567],[-77.59166,-9.5563],[-77.58834,-9.552],[-77.58503,-9.55122],[-77.5832,-9.55147],[-77.58311,-9.54916],[-77.5814,-9.547],[-77.58044,-9.54674],[-77.57651,-9.54767],[-77.57372,-9.54627],[-77.57369,-9.54925],[-77.5709,-9.55231],[-77.57106,-9.55704],[-77.5707,-9.55694],[-77.57005,-9.55384],[-77.56896,-9.55265],[-77.56908,-9.55041],[-77.56788,-9.55145],[-77.56782,-9.55269],[-77.56909,-9.55365],[-77.5692,-9.55542],[-77.56747,-9.5553],[-77.56682,-9.55667],[-77.56757,-9.55866],[-77.56616,-9.5585],[-77.56567,-9.55967],[-77.56413,-9.55505],[-77.56276,-9.55354],[-77.56302,-9.55174],[-77.56184,-9.55209],[-77.56139,-9.55096],[-77.56031,-9.55112],[-77.56052,-9.54962],[-77.55937,-9.54885],[-77.55852,-9.54888],[-77.55828,-9.5474],[-77.55504,-9.54622],[-77.5538,-9.54305],[-77.55357,-9.54365],[-77.55455,-9.54555],[-77.55429,-9.54584],[-77.55321,-9.54322],[-77.55376,-9.54234],[-77.55546,-9.54248],[-77.5564,-9.54328],[-77.55747,-9.54337],[-77.55753,-9.54303],[-77.55646,-9.54293],[-77.55615,-9.54207],[-77.55518,-9.54157],[-77.55111,-9.54159],[-77.55313,-9.54078],[-77.55024,-9.54114],[-77.54918,-9.54106],[-77.54892,-9.54055],[-77.54794,-9.54082],[-77.54892,-9.54005],[-77.54875,-9.53977],[-77.5473,-9.54031],[-77.54854,-9.5392],[-77.54961,-9.53929],[-77.5507,-9.53858],[-77.54954,-9.53886],[-77.54707,-9.53707],[-77.54617,-9.53725],[-77.5466,-9.53651],[-77.5487,-9.53734],[-77.54976,-9.53697],[-77.54991,-9.53632],[-77.55062,-9.536],[-77.55147,-9.53692],[-77.55269,-9.53661],[-77.55365,-9.53702],[-77.55401,-9.53619],[-77.55609,-9.53471],[-77.55682,-9.53561],[-77.55711,-9.53459],[-77.55849,-9.53448],[-77.55701,-9.53354],[-77.55298,-9.53399],[-77.55273,-9.53322],[-77.55119,-9.53269],[-77.55114,-9.53162],[-77.54964,-9.53073],[-77.54946,-9.52991],[-77.54855,-9.5292],[-77.54694,-9.52934],[-77.54456,-9.52829],[-77.54465,-9.5262],[-77.54636,-9.52481],[-77.54323,-9.52288],[-77.54284,-9.52221],[-77.54406,-9.51813],[-77.54348,-9.51687],[-77.5439,-9.51573],[-77.54272,-9.51591],[-77.54252,-9.51554],[-77.54495,-9.51282],[-77.5432,-9.50842],[-77.54321,-9.50768],[-77.54414,-9.50733],[-77.54361,-9.50634],[-77.54225,-9.50645],[-77.54271,-9.50955],[-77.53969,-9.51094],[-77.53911,-9.51162],[-77.53915,-9.51446],[-77.53773,-9.51858],[-77.53861,-9.52034],[-77.53651,-9.5254],[-77.53296,-9.52582],[-77.53267,-9.52805],[-77.53379,-9.52799]]}},{"type":"Feature","properties":{"name":"Huaraz \u279c Lima","mode":"bus","order":20},"geometry":{"type":"LineString","coordinates":[[-77.53379,-9.52799],[-77.53267,-9.52805],[-77.53199,-9.53216],[-77.53182,-9.5416],[-77.53393,-9.54327],[-77.53699,-9.54974],[-77.53699,-9.55345],[-77.53916,-9.5593],[-77.53894,-9.56454],[-77.53401,-9.57099],[-77.53239,-9.57182],[-77.53008,-9.5751],[-77.52993,-9.57596],[-77.53107,-9.57763],[-77.53102,-9.5785],[-77.53043,-9.57886],[-77.52876,-9.5787],[-77.52686,-9.57966],[-77.52538,-9.58198],[-77.52357,-9.58288],[-77.52326,-9.58419],[-77.52179,-9.58674],[-77.52048,-9.58801],[-77.51959,-9.59002],[-77.51656,-9.59209],[-77.51139,-9.59824],[-77.51069,-9.60368],[-77.50848,-9.6083],[-77.50807,-9.61258],[-77.50572,-9.61877],[-77.50391,-9.62162],[-77.50267,-9.62222],[-77.49932,-9.62642],[-77.49727,-9.63047],[-77.49675,-9.63282],[-77.49136,-9.63831],[-77.49044,-9.64058],[-77.48869,-9.64216],[-77.48789,-9.6436],[-77.48467,-9.65477],[-77.48502,-9.66061],[-77.48333,-9.66296],[-77.48249,-9.66601],[-77.48094,-9.66709],[-77.48026,-9.66851],[-77.48004,-9.67051],[-77.48098,-9.67273],[-77.47937,-9.6743],[-77.47915,-9.67665],[-77.47774,-9.68055],[-77.47466,-9.68309],[-77.47265,-9.68387],[-77.4715,-9.68547],[-77.46893,-9.68678],[-77.46651,-9.68956],[-77.46475,-9.68989],[-77.46458,-9.69158],[-77.46364,-9.69232],[-77.46322,-9.69394],[-77.46066,-9.69622],[-77.45998,-9.70196],[-77.46092,-9.70997],[-77.4604,-9.71193],[-77.46107,-9.71332],[-77.46096,-9.71536],[-77.45875,-9.71829],[-77.45885,-9.71956],[-77.45794,-9.72054],[-77.45804,-9.72267],[-77.45618,-9.7243],[-77.45504,-9.72649],[-77.45555,-9.72814],[-77.45456,-9.7295],[-77.45221,-9.73642],[-77.44919,-9.73935],[-77.44909,-9.74353],[-77.44553,-9.75318],[-77.44369,-9.75641],[-77.44337,-9.75912],[-77.44096,-9.76634],[-77.43971,-9.77967],[-77.43781,-9.7831],[-77.43814,-9.78526],[-77.43746,-9.79259],[-77.43456,-9.80285],[-77.43342,-9.80542],[-77.43161,-9.80562],[-77.42992,-9.80774],[-77.42755,-9.80873],[-77.41984,-9.82013],[-77.41525,-9.8289],[-77.41324,-9.83082],[-77.4121,-9.83731],[-77.40902,-9.84391],[-77.40542,-9.85003],[-77.40358,-9.85218],[-77.40385,-9.8527],[-77.40569,-9.85199],[-77.4065,-9.85224],[-77.40771,-9.8552],[-77.40438,-9.86228],[-77.40299,-9.86632],[-77.40488,-9.87323],[-77.40416,-9.88591],[-77.40265,-9.89353],[-77.40153,-9.89527],[-77.39915,-9.89704],[-77.39471,-9.89824],[-77.39246,-9.90123],[-77.39113,-9.90683],[-77.39188,-9.91],[-77.39388,-9.91189],[-77.39417,-9.91327],[-77.39081,-9.91689],[-77.38985,-9.91965],[-77.38769,-9.92171],[-77.38727,-9.92268],[-77.38806,-9.9245],[-77.39303,-9.92609],[-77.39357,-9.92713],[-77.39349,-9.92892],[-77.39213,-9.93142],[-77.38748,-9.93624],[-77.38541,-9.93727],[-77.38227,-9.93978],[-77.38173,-9.94629],[-77.38063,-9.94819],[-77.37898,-9.94964],[-77.37808,-9.95234],[-77.36757,-9.9615],[-77.36411,-9.96686],[-77.36311,-9.9677],[-77.35828,-9.97003],[-77.35323,-9.97143],[-77.3509,-9.97381],[-77.34965,-9.97671],[-77.34501,-9.97981],[-77.3434,-9.98302],[-77.34314,-9.98537],[-77.34184,-9.98724],[-77.34259,-9.98855],[-77.34219,-9.98997],[-77.33441,-10.0009],[-77.33211,-10.00756],[-77.332,-10.00985],[-77.32788,-10.01822],[-77.32776,-10.02242],[-77.32646,-10.02628],[-77.32659,-10.02981],[-77.32561,-10.03258],[-77.32662,-10.0362],[-77.32989,-10.03905],[-77.32813,-10.04059],[-77.32814,-10.04765],[-77.32717,-10.05019],[-77.3269,-10.05424],[-77.32405,-10.05678],[-77.32271,-10.05887],[-77.32051,-10.06532],[-77.31821,-10.07527],[-77.31763,-10.07589],[-77.30889,-10.0785],[-77.30623,-10.07997],[-77.30545,-10.08099],[-77.30058,-10.08268],[-77.29946,-10.08369],[-77.29701,-10.08838],[-77.2953,-10.09409],[-77.28881,-10.10703],[-77.28604,-10.1146],[-77.28584,-10.11647],[-77.28667,-10.11732],[-77.2906,-10.11719],[-77.29283,-10.11886],[-77.29349,-10.12125],[-77.29227,-10.12541],[-77.29474,-10.12672],[-77.29609,-10.12852],[-77.29792,-10.1286],[-77.29885,-10.13268],[-77.30172,-10.13432],[-77.30151,-10.1391],[-77.30391,-10.14302],[-77.30722,-10.14418],[-77.3098,-10.14602],[-77.31183,-10.15022],[-77.31238,-10.1524],[-77.3165,-10.15451],[-77.31717,-10.15697],[-77.31761,-10.15679],[-77.31739,-10.15418],[-77.31499,-10.15199],[-77.31507,-10.15155],[-77.31682,-10.15291],[-77.31987,-10.15369],[-77.31961,-10.15489],[-77.32287,-10.15547],[-77.32122,-10.15465],[-77.3214,-10.15424],[-77.32443,-10.15518],[-77.32479,-10.15757],[-77.32541,-10.15821],[-77.32506,-10.15454],[-77.32551,-10.15436],[-77.3262,-10.15714],[-77.32707,-10.15786],[-77.32771,-10.15947],[-77.33347,-10.16182],[-77.33429,-10.16278],[-77.33461,-10.16244],[-77.32897,-10.15806],[-77.32844,-10.15689],[-77.32916,-10.15791],[-77.33306,-10.15974],[-77.33557,-10.16016],[-77.336,-10.16101],[-77.33719,-10.1617],[-77.33745,-10.16398],[-77.33879,-10.16613],[-77.33971,-10.16673],[-77.33753,-10.17002],[-77.33704,-10.17231],[-77.33577,-10.17252],[-77.33556,-10.17382],[-77.33396,-10.17574],[-77.3342,-10.17607],[-77.33685,-10.17361],[-77.33682,-10.17431],[-77.33553,-10.17605],[-77.3368,-10.1759],[-77.34035,-10.17316],[-77.34255,-10.17023],[-77.34516,-10.16897],[-77.34726,-10.16368],[-77.34683,-10.16357],[-77.34561,-10.16524],[-77.34597,-10.16182],[-77.34782,-10.1588],[-77.35072,-10.15641],[-77.35175,-10.1571],[-77.35372,-10.15644],[-77.35763,-10.1532],[-77.35902,-10.1514],[-77.36105,-10.15104],[-77.36227,-10.15002],[-77.36742,-10.14983],[-77.36896,-10.14859],[-77.37168,-10.1478],[-77.37775,-10.14865],[-77.37845,-10.14807],[-77.38042,-10.14783],[-77.3823,-10.1461],[-77.38417,-10.14521],[-77.38586,-10.14282],[-77.38851,-10.14229],[-77.39164,-10.13925],[-77.39264,-10.13926],[-77.39366,-10.13505],[-77.39467,-10.13391],[-77.39543,-10.13484],[-77.39868,-10.13587],[-77.40014,-10.13557],[-77.40127,-10.13434],[-77.40552,-10.13691],[-77.40755,-10.13874],[-77.40774,-10.13973],[-77.41037,-10.13961],[-77.41091,-10.14075],[-77.41239,-10.14184],[-77.41309,-10.14637],[-77.41569,-10.14351],[-77.41765,-10.14509],[-77.41985,-10.14468],[-77.42139,-10.1456],[-77.42259,-10.14491],[-77.42651,-10.14577],[-77.42816,-10.14506],[-77.43167,-10.14702],[-77.4306,-10.15074],[-77.43629,-10.15168],[-77.43843,-10.15103],[-77.4386,-10.15249],[-77.43753,-10.15403],[-77.43721,-10.15508],[-77.43753,-10.15547],[-77.43801,-10.15532],[-77.4389,-10.15307],[-77.43929,-10.15082],[-77.43822,-10.15003],[-77.43629,-10.15045],[-77.43458,-10.14952],[-77.43332,-10.14973],[-77.43327,-10.14939],[-77.4346,-10.14914],[-77.43653,-10.14977],[-77.43836,-10.14889],[-77.43967,-10.14943],[-77.4417,-10.14917],[-77.44255,-10.15001],[-77.44407,-10.14986],[-77.4446,-10.15077],[-77.44436,-10.15277],[-77.44524,-10.15381],[-77.44747,-10.15424],[-77.44876,-10.15398],[-77.44969,-10.15502],[-77.45239,-10.15609],[-77.45245,-10.1568],[-77.45101,-10.1577],[-77.45283,-10.15693],[-77.45308,-10.15595],[-77.4495,-10.15286],[-77.45252,-10.15477],[-77.45379,-10.15479],[-77.45431,-10.15626],[-77.4555,-10.15663],[-77.45648,-10.15814],[-77.45423,-10.15917],[-77.45668,-10.15968],[-77.4633,-10.15904],[-77.46433,-10.15954],[-77.46382,-10.15819],[-77.46106,-10.15675],[-77.46624,-10.15519],[-77.46926,-10.15547],[-77.46977,-10.15584],[-77.46979,-10.15675],[-77.47163,-10.156],[-77.47449,-10.15859],[-77.47373,-10.15549],[-77.47778,-10.15261],[-77.47796,-10.15129],[-77.48033,-10.15289],[-77.48297,-10.15381],[-77.48556,-10.15388],[-77.49081,-10.15274],[-77.49439,-10.15094],[-77.49585,-10.14935],[-77.49629,-10.1464],[-77.49586,-10.14578],[-77.49718,-10.14403],[-77.49852,-10.1445],[-77.49921,-10.14377],[-77.50083,-10.1442],[-77.50027,-10.14483],[-77.50052,-10.14509],[-77.50146,-10.14434],[-77.50399,-10.14399],[-77.50851,-10.14531],[-77.51022,-10.1455],[-77.51148,-10.14499],[-77.51349,-10.14573],[-77.5158,-10.14529],[-77.51798,-10.14615],[-77.51489,-10.14608],[-77.51606,-10.14605],[-77.51717,-10.14675],[-77.51772,-10.14847],[-77.51865,-10.14917],[-77.51761,-10.15132],[-77.52271,-10.15566],[-77.52997,-10.16392],[-77.53287,-10.16614],[-77.53271,-10.16843],[-77.53184,-10.16945],[-77.53291,-10.17147],[-77.53644,-10.17301],[-77.54073,-10.17225],[-77.54436,-10.17386],[-77.54715,-10.17693],[-77.54978,-10.18352],[-77.55272,-10.18492],[-77.55442,-10.18706],[-77.55471,-10.18893],[-77.55428,-10.19263],[-77.55508,-10.19437],[-77.55458,-10.19648],[-77.55465,-10.19897],[-77.55625,-10.20384],[-77.5583,-10.20561],[-77.55706,-10.21162],[-77.55995,-10.21839],[-77.56084,-10.22975],[-77.56192,-10.2327],[-77.56384,-10.23444],[-77.56824,-10.23676],[-77.56893,-10.24044],[-77.57014,-10.24286],[-77.57349,-10.24622],[-77.57501,-10.24958],[-77.57554,-10.25219],[-77.57743,-10.25349],[-77.57837,-10.2593],[-77.58132,-10.26431],[-77.58301,-10.27298],[-77.58602,-10.28047],[-77.58771,-10.28238],[-77.59041,-10.28383],[-77.59445,-10.28875],[-77.59881,-10.29186],[-77.59914,-10.29371],[-77.60196,-10.29965],[-77.60274,-10.30267],[-77.60536,-10.30673],[-77.60903,-10.30963],[-77.61142,-10.31042],[-77.6148,-10.31076],[-77.61724,-10.31321],[-77.61933,-10.31358],[-77.62162,-10.3183],[-77.62638,-10.32284],[-77.62599,-10.32414],[-77.62737,-10.32555],[-77.62563,-10.33232],[-77.62617,-10.33451],[-77.62591,-10.33668],[-77.62725,-10.33878],[-77.63256,-10.34288],[-77.63626,-10.34768],[-77.6442,-10.35395],[-77.64911,-10.3554],[-77.65162,-10.36109],[-77.65312,-10.36239],[-77.65496,-10.36582],[-77.65626,-10.36626],[-77.65935,-10.36535],[-77.66054,-10.36554],[-77.66187,-10.36799],[-77.66502,-10.37012],[-77.66762,-10.37341],[-77.67377,-10.37742],[-77.68019,-10.38338],[-77.68345,-10.38492],[-77.68789,-10.38516],[-77.69109,-10.3866],[-77.6932,-10.3914],[-77.69373,-10.39537],[-77.69661,-10.39907],[-77.69977,-10.40272],[-77.7026,-10.40482],[-77.70398,-10.4075],[-77.7078,-10.41018],[-77.71282,-10.41282],[-77.71314,-10.41809],[-77.71455,-10.42114],[-77.71982,-10.42515],[-77.72386,-10.42587],[-77.72586,-10.42787],[-77.72677,-10.43228],[-77.72626,-10.43443],[-77.72645,-10.43669],[-77.7292,-10.44355],[-77.73106,-10.44608],[-77.73261,-10.45071],[-77.73247,-10.45738],[-77.73423,-10.46523],[-77.73549,-10.46632],[-77.73597,-10.46824],[-77.73858,-10.47194],[-77.74187,-10.47862],[-77.7425,-10.48176],[-77.74402,-10.485],[-77.74651,-10.48763],[-77.74944,-10.48864],[-77.75123,-10.49074],[-77.75325,-10.49687],[-77.75499,-10.51049],[-77.75642,-10.51268],[-77.75611,-10.51578],[-77.75784,-10.52086],[-77.75783,-10.5231],[-77.759,-10.52509],[-77.75796,-10.52754],[-77.75841,-10.53095],[-77.75773,-10.53443],[-77.75791,-10.53715],[-77.7589,-10.54075],[-77.75834,-10.54266],[-77.75893,-10.54451],[-77.75885,-10.54901],[-77.75978,-10.55131],[-77.76127,-10.55276],[-77.76145,-10.55383],[-77.76032,-10.56061],[-77.75915,-10.56194],[-77.75925,-10.56518],[-77.75722,-10.56972],[-77.75721,-10.57091],[-77.75938,-10.57373],[-77.76005,-10.57566],[-77.76198,-10.57759],[-77.7678,-10.59901],[-77.77527,-10.61293],[-77.78369,-10.62332],[-77.79407,-10.63188],[-77.79969,-10.63897],[-77.80665,-10.65033],[-77.80813,-10.66171],[-77.80911,-10.6636],[-77.80872,-10.66399],[-77.80561,-10.66437],[-77.79468,-10.66872],[-77.79393,-10.67085],[-77.79433,-10.67211],[-77.79297,-10.67387],[-77.79134,-10.68093],[-77.78364,-10.69656],[-77.77327,-10.7075],[-77.7584,-10.72678],[-77.74742,-10.73991],[-77.7303,-10.7632],[-77.7261,-10.77186],[-77.71981,-10.7778],[-77.70753,-10.79399],[-77.70144,-10.80791],[-77.70049,-10.8141],[-77.70092,-10.82353],[-77.70044,-10.82769],[-77.68425,-10.87868],[-77.66155,-10.91536],[-77.65399,-10.92279],[-77.65232,-10.92549],[-77.64706,-10.94564],[-77.64578,-10.97931],[-77.645,-10.98291],[-77.64359,-10.98519],[-77.64129,-10.98716],[-77.61576,-11.00396],[-77.61113,-11.00808],[-77.60805,-11.01194],[-77.60046,-11.06027],[-77.59858,-11.06427],[-77.5976,-11.07159],[-77.59844,-11.07339],[-77.59831,-11.07488],[-77.59493,-11.09537],[-77.59601,-11.09886],[-77.59615,-11.10088],[-77.59383,-11.12452],[-77.59688,-11.13591],[-77.59753,-11.14326],[-77.59708,-11.14814],[-77.59548,-11.15355],[-77.59354,-11.15736],[-77.57412,-11.18804],[-77.42388,-11.39536],[-77.42094,-11.39725],[-77.41778,-11.39814],[-77.39608,-11.39564],[-77.39409,-11.39596],[-77.39295,-11.39694],[-77.3924,-11.39836],[-77.39261,-11.40673],[-77.39228,-11.4083],[-77.39119,-11.40997],[-77.38949,-11.41122],[-77.38721,-11.41176],[-77.38495,-11.41132],[-77.37994,-11.40871],[-77.37821,-11.40886],[-77.37695,-11.40956],[-77.37459,-11.41312],[-77.37359,-11.41596],[-77.37117,-11.41866],[-77.36172,-11.43403],[-77.35297,-11.4431],[-77.3494,-11.44543],[-77.31416,-11.46092],[-77.31234,-11.46236],[-77.30924,-11.47048],[-77.30886,-11.47742],[-77.30466,-11.48933],[-77.30363,-11.49436],[-77.29626,-11.5148],[-77.28897,-11.526],[-77.27751,-11.54885],[-77.27409,-11.55325],[-77.26906,-11.55634],[-77.26679,-11.55848],[-77.26179,-11.57985],[-77.25675,-11.59302],[-77.25525,-11.59549],[-77.24854,-11.60025],[-77.2369,-11.6102],[-77.23329,-11.61278],[-77.23184,-11.61331],[-77.23009,-11.61311],[-77.19989,-11.60162],[-77.19741,-11.60171],[-77.19556,-11.60335],[-77.1952,-11.60579],[-77.19638,-11.60776],[-77.20239,-11.6105],[-77.20561,-11.6112],[-77.2071,-11.61294],[-77.2076,-11.61902],[-77.20753,-11.62834],[-77.20637,-11.63391],[-77.2064,-11.63797],[-77.20199,-11.64851],[-77.20103,-11.65284],[-77.19827,-11.6581],[-77.19707,-11.65914],[-77.19183,-11.66131],[-77.18633,-11.66579],[-77.18466,-11.66827],[-77.18416,-11.67082],[-77.18324,-11.68691],[-77.18008,-11.69419],[-77.17908,-11.70184],[-77.17742,-11.70585],[-77.17707,-11.70996],[-77.17467,-11.71377],[-77.17409,-11.71701],[-77.17062,-11.72271],[-77.16803,-11.72511],[-77.16602,-11.72819],[-77.16126,-11.73073],[-77.15932,-11.73139],[-77.15679,-11.73143],[-77.1453,-11.72726],[-77.14236,-11.7271],[-77.13845,-11.72897],[-77.13732,-11.7303],[-77.13626,-11.73283],[-77.13627,-11.7372],[-77.13795,-11.74083],[-77.15767,-11.7635],[-77.15857,-11.76598],[-77.15969,-11.77548],[-77.15916,-11.77964],[-77.15757,-11.782],[-77.13678,-11.8025],[-77.1287,-11.81432],[-77.12538,-11.82205],[-77.1195,-11.82877],[-77.07486,-11.86456],[-77.06948,-11.87258],[-77.06775,-11.90282],[-77.06953,-11.9069],[-77.0736,-11.91302],[-77.07396,-11.91498],[-77.07095,-11.94642],[-77.06413,-11.99124],[-77.05785,-12.02886],[-77.05633,-12.03122],[-77.05421,-12.03301],[-77.04711,-12.03578],[-77.04363,-12.0379],[-77.04287,-12.04641]]}},{"type":"Feature","properties":{"name":"Lima \u2708 Cusco","mode":"flight","order":21},"geometry":{"type":"LineString","coordinates":[[-77.0428,-12.0464],[-71.96746,-13.53195]]}},{"type":"Feature","properties":{"name":"Cusco \u279c Isla del Sol","mode":"bus","order":22},"geometry":{"type":"LineString","coordinates":[[-71.96747,-13.53195],[-71.95544,-13.53322],[-71.95564,-13.53585],[-71.95512,-13.53649],[-71.94561,-13.53884],[-71.94038,-13.53939],[-71.94037,-13.54108],[-71.93229,-13.54284],[-71.92336,-13.54183],[-71.90782,-13.54138],[-71.90522,-13.54169],[-71.90175,-13.54318],[-71.89178,-13.54962],[-71.88435,-13.5525],[-71.87552,-13.55482],[-71.86778,-13.55469],[-71.8615,-13.55358],[-71.85943,-13.55377],[-71.85243,-13.55816],[-71.83097,-13.56801],[-71.82609,-13.57221],[-71.81913,-13.57577],[-71.80083,-13.58906],[-71.79118,-13.58995],[-71.78455,-13.59297],[-71.78232,-13.59517],[-71.76259,-13.60128],[-71.75702,-13.60423],[-71.74667,-13.60874],[-71.74147,-13.60917],[-71.7331,-13.61095],[-71.73211,-13.61054],[-71.72822,-13.60654],[-71.72754,-13.60643],[-71.72523,-13.61191],[-71.72411,-13.61348],[-71.72251,-13.6141],[-71.71468,-13.61961],[-71.71206,-13.62043],[-71.707,-13.62101],[-71.70526,-13.62451],[-71.69725,-13.63052],[-71.69627,-13.63423],[-71.69517,-13.63545],[-71.69601,-13.63732],[-71.69265,-13.64189],[-71.69035,-13.64677],[-71.68568,-13.65266],[-71.68472,-13.65812],[-71.68281,-13.66207],[-71.68103,-13.66431],[-71.67938,-13.66539],[-71.67767,-13.66794],[-71.66798,-13.67577],[-71.66482,-13.67743],[-71.66258,-13.68041],[-71.65999,-13.68045],[-71.65603,-13.68221],[-71.65436,-13.68224],[-71.64694,-13.68841],[-71.6454,-13.68883],[-71.63886,-13.69242],[-71.63729,-13.69123],[-71.63704,-13.68961],[-71.63611,-13.68891],[-71.63597,-13.68767],[-71.63457,-13.68597],[-71.63017,-13.68544],[-71.6284,-13.68591],[-71.62803,-13.6869],[-71.62461,-13.68777],[-71.62355,-13.68599],[-71.61948,-13.68319],[-71.61828,-13.68356],[-71.61554,-13.68591],[-71.61335,-13.6849],[-71.61115,-13.68642],[-71.60996,-13.68821],[-71.60833,-13.68776],[-71.60639,-13.68914],[-71.60286,-13.68894],[-71.59902,-13.68719],[-71.59629,-13.68815],[-71.5949,-13.6868],[-71.59401,-13.68697],[-71.59373,-13.68765],[-71.59627,-13.6926],[-71.59855,-13.69443],[-71.59804,-13.69743],[-71.59597,-13.69926],[-71.59598,-13.70252],[-71.59616,-13.70483],[-71.5974,-13.70746],[-71.59705,-13.71637],[-71.6018,-13.72873],[-71.60043,-13.7334],[-71.59859,-13.73627],[-71.59865,-13.73789],[-71.59802,-13.73912],[-71.59573,-13.74033],[-71.59288,-13.74511],[-71.59076,-13.74681],[-71.58952,-13.7507],[-71.58773,-13.75245],[-71.58445,-13.75376],[-71.58121,-13.75825],[-71.57938,-13.75957],[-71.57817,-13.76279],[-71.57564,-13.76542],[-71.57461,-13.76784],[-71.57286,-13.7785],[-71.56978,-13.78276],[-71.5642,-13.78728],[-71.56085,-13.7885],[-71.55847,-13.79],[-71.55469,-13.79613],[-71.55269,-13.79813],[-71.54849,-13.79983],[-71.54747,-13.80302],[-71.54443,-13.80593],[-71.54376,-13.80786],[-71.54404,-13.80917],[-71.55115,-13.81402],[-71.55146,-13.81637],[-71.55004,-13.81819],[-71.54785,-13.81793],[-71.54583,-13.81665],[-71.54466,-13.81666],[-71.5426,-13.81907],[-71.53969,-13.82784],[-71.53655,-13.83289],[-71.53631,-13.83799],[-71.53873,-13.84005],[-71.53924,-13.8421],[-71.53337,-13.84844],[-71.53198,-13.85091],[-71.52828,-13.85441],[-71.52559,-13.85516],[-71.52393,-13.85681],[-71.51816,-13.86369],[-71.51747,-13.86585],[-71.51416,-13.86937],[-71.51085,-13.875],[-71.51123,-13.88257],[-71.50697,-13.88897],[-71.50467,-13.89389],[-71.50168,-13.89765],[-71.49841,-13.90882],[-71.49882,-13.91024],[-71.5021,-13.91298],[-71.50138,-13.9146],[-71.50157,-13.91576],[-71.50558,-13.9203],[-71.50542,-13.92347],[-71.50579,-13.92486],[-71.5026,-13.93588],[-71.50057,-13.94077],[-71.50028,-13.94558],[-71.50099,-13.94841],[-71.501,-13.95231],[-71.49914,-13.95599],[-71.49607,-13.96033],[-71.49398,-13.97098],[-71.49052,-13.98052],[-71.48746,-13.98184],[-71.48196,-13.99001],[-71.47775,-13.99379],[-71.47279,-13.99511],[-71.46496,-13.99144],[-71.46383,-13.99186],[-71.46198,-13.99442],[-71.46055,-14.00425],[-71.45919,-14.00772],[-71.45684,-14.01774],[-71.45761,-14.02403],[-71.45675,-14.02536],[-71.45631,-14.02743],[-71.45338,-14.03003],[-71.45095,-14.03315],[-71.45014,-14.03508],[-71.44963,-14.03896],[-71.44762,-14.04423],[-71.44809,-14.05164],[-71.44754,-14.056],[-71.44353,-14.06706],[-71.43895,-14.0734],[-71.43855,-14.07747],[-71.43756,-14.07965],[-71.43741,-14.08111],[-71.43882,-14.08773],[-71.43987,-14.08928],[-71.44212,-14.09069],[-71.4422,-14.09138],[-71.43736,-14.09682],[-71.43665,-14.0992],[-71.43353,-14.09967],[-71.43083,-14.09812],[-71.42668,-14.10265],[-71.42342,-14.10448],[-71.42039,-14.10795],[-71.41955,-14.11086],[-71.41665,-14.11473],[-71.4158,-14.11736],[-71.41454,-14.11924],[-71.41392,-14.12447],[-71.4092,-14.13027],[-71.40741,-14.13367],[-71.4056,-14.13535],[-71.4021,-14.14102],[-71.39486,-14.14676],[-71.38683,-14.16113],[-71.38285,-14.16612],[-71.38098,-14.16969],[-71.37652,-14.17512],[-71.37237,-14.17668],[-71.36902,-14.17975],[-71.36646,-14.18356],[-71.35034,-14.18424],[-71.3438,-14.18782],[-71.33858,-14.18917],[-71.32748,-14.19542],[-71.31464,-14.19951],[-71.30676,-14.20539],[-71.26909,-14.23755],[-71.25948,-14.24522],[-71.24631,-14.24509],[-71.23266,-14.25109],[-71.2306,-14.25346],[-71.22876,-14.25734],[-71.22921,-14.25833],[-71.23295,-14.26175],[-71.23699,-14.27215],[-71.23693,-14.2731],[-71.23381,-14.28013],[-71.22502,-14.28523],[-71.22224,-14.28929],[-71.21789,-14.29351],[-71.19489,-14.32965],[-71.18951,-14.33668],[-71.17827,-14.34956],[-71.17061,-14.35299],[-71.16087,-14.36149],[-71.14035,-14.38135],[-71.13435,-14.39461],[-71.13195,-14.40794],[-71.12996,-14.40921],[-71.12686,-14.40934],[-71.12282,-14.40869],[-71.11844,-14.4103],[-71.11773,-14.41348],[-71.10993,-14.43081],[-71.10527,-14.43216],[-71.10094,-14.43571],[-71.0948,-14.43734],[-71.09039,-14.44022],[-71.08706,-14.44343],[-71.08336,-14.44424],[-71.08267,-14.44498],[-71.08114,-14.44914],[-71.07388,-14.45111],[-71.06601,-14.46066],[-71.06063,-14.46208],[-71.05513,-14.46623],[-71.05271,-14.46736],[-71.04459,-14.46858],[-71.04009,-14.46984],[-71.03225,-14.46983],[-71.02789,-14.47259],[-71.02549,-14.47645],[-71.02052,-14.47848],[-71.01233,-14.4774],[-71.01002,-14.47806],[-71.00469,-14.4818],[-71.00054,-14.48123],[-70.99137,-14.48123],[-70.98723,-14.48536],[-70.98302,-14.48628],[-70.9671,-14.4929],[-70.96344,-14.49344],[-70.95867,-14.49603],[-70.9573,-14.49593],[-70.95466,-14.49481],[-70.94761,-14.49592],[-70.94321,-14.49592],[-70.9409,-14.49655],[-70.93783,-14.49991],[-70.93406,-14.50067],[-70.93133,-14.50207],[-70.92762,-14.50531],[-70.92551,-14.50635],[-70.92417,-14.5101],[-70.9219,-14.51327],[-70.91969,-14.51497],[-70.91356,-14.51771],[-70.90645,-14.51949],[-70.89261,-14.52992],[-70.88169,-14.53962],[-70.88095,-14.54099],[-70.87999,-14.54528],[-70.88032,-14.54798],[-70.87964,-14.55114],[-70.87313,-14.57278],[-70.86559,-14.58499],[-70.86299,-14.58797],[-70.85501,-14.5909],[-70.84318,-14.59691],[-70.84147,-14.59662],[-70.83653,-14.59974],[-70.83413,-14.60054],[-70.83075,-14.6009],[-70.82751,-14.59912],[-70.82656,-14.59924],[-70.82353,-14.60163],[-70.82052,-14.60287],[-70.81598,-14.60226],[-70.81387,-14.60147],[-70.8118,-14.60168],[-70.81101,-14.60218],[-70.80984,-14.60437],[-70.80832,-14.60506],[-70.80409,-14.60469],[-70.79384,-14.6074],[-70.78878,-14.61264],[-70.77601,-14.61298],[-70.77343,-14.61408],[-70.76901,-14.61932],[-70.76679,-14.62285],[-70.76276,-14.62692],[-70.75774,-14.63506],[-70.75632,-14.63633],[-70.75334,-14.63766],[-70.74926,-14.64094],[-70.74856,-14.64227],[-70.74821,-14.65233],[-70.74702,-14.65569],[-70.74681,-14.65869],[-70.74604,-14.66099],[-70.74346,-14.68021],[-70.74339,-14.68384],[-70.74535,-14.6939],[-70.74778,-14.70055],[-70.75085,-14.73334],[-70.73375,-14.76013],[-70.72928,-14.76963],[-70.72142,-14.77704],[-70.72107,-14.77959],[-70.72229,-14.78263],[-70.72642,-14.78709],[-70.7259,-14.78922],[-70.72277,-14.79335],[-70.70454,-14.80644],[-70.66802,-14.83032],[-70.66669,-14.83052],[-70.66616,-14.83154],[-70.65877,-14.83641],[-70.62935,-14.85848],[-70.60736,-14.87333],[-70.60387,-14.87637],[-70.59606,-14.8808],[-70.58839,-14.8827],[-70.58733,-14.88371],[-70.58391,-14.88517],[-70.58454,-14.89218],[-70.58634,-14.89306],[-70.58726,-14.89759],[-70.58585,-14.90245],[-70.58308,-14.90659],[-70.54867,-14.92836],[-70.53189,-14.94032],[-70.52024,-14.94913],[-70.5122,-14.95679],[-70.50902,-14.96126],[-70.49578,-14.96699],[-70.40827,-14.98434],[-70.40643,-14.98608],[-70.36864,-15.03561],[-70.366,-15.04303],[-70.3568,-15.04112],[-70.3558,-15.03787],[-70.35145,-15.03652],[-70.34814,-15.03668],[-70.34072,-15.03435],[-70.34045,-15.0349],[-70.33678,-15.03341],[-70.33029,-15.03996],[-70.32187,-15.04313],[-70.3089,-15.04671],[-70.3062,-15.04784],[-70.30238,-15.04816],[-70.29694,-15.04711],[-70.2925,-15.04713],[-70.29058,-15.04773],[-70.28662,-15.05082],[-70.281,-15.0512],[-70.28012,-15.05161],[-70.27745,-15.05602],[-70.27499,-15.0572],[-70.27412,-15.05822],[-70.26942,-15.06546],[-70.26666,-15.06643],[-70.26516,-15.06841],[-70.26254,-15.0706],[-70.26019,-15.0753],[-70.25861,-15.07703],[-70.25314,-15.08018],[-70.2521,-15.08198],[-70.24945,-15.08437],[-70.24434,-15.09243],[-70.2346,-15.10534],[-70.23004,-15.10853],[-70.23086,-15.11138],[-70.22166,-15.12398],[-70.22104,-15.12593],[-70.21625,-15.13319],[-70.22261,-15.23645],[-70.22456,-15.28716],[-70.22317,-15.29457],[-70.2307,-15.30239],[-70.23285,-15.30562],[-70.23291,-15.30655],[-70.22985,-15.3116],[-70.22797,-15.31287],[-70.2214,-15.31384],[-70.20414,-15.31467],[-70.20281,-15.31531],[-70.18647,-15.33469],[-70.15562,-15.39413],[-70.13971,-15.43811],[-70.14155,-15.4469],[-70.13633,-15.47928],[-70.13578,-15.48748],[-70.12989,-15.49962],[-70.11771,-15.52872],[-70.11775,-15.52982],[-70.11638,-15.53194],[-70.10161,-15.56616],[-70.1013,-15.5774],[-70.05653,-15.73866],[-70.05362,-15.74344],[-70.05271,-15.75142],[-70.04737,-15.76996],[-70.04617,-15.77208],[-70.03942,-15.77667],[-70.03908,-15.77778],[-70.03941,-15.78061],[-70.03827,-15.78077],[-70.03605,-15.77886],[-70.03509,-15.77898],[-70.03437,-15.77972],[-70.03538,-15.78247],[-70.03851,-15.78572],[-70.03851,-15.78717],[-70.03688,-15.79025],[-70.03833,-15.79571],[-70.0377,-15.79838],[-70.03795,-15.79912],[-70.0405,-15.80106],[-70.04011,-15.80552],[-70.0429,-15.80937],[-70.0427,-15.81058],[-70.04124,-15.81222],[-70.04153,-15.81477],[-70.04076,-15.81863],[-70.03602,-15.81827],[-70.03306,-15.81593],[-70.02984,-15.81649],[-70.02977,-15.81803],[-70.02827,-15.82055],[-70.03205,-15.82336],[-70.03365,-15.82545],[-70.03239,-15.82632],[-70.03015,-15.82607],[-70.02967,-15.82866],[-70.02612,-15.83719],[-70.02381,-15.83873],[-70.02234,-15.83889],[-70.01861,-15.85105],[-70.01199,-15.85557],[-70.00339,-15.85786],[-70.00021,-15.86273],[-69.99741,-15.86447],[-69.99584,-15.86482],[-69.98463,-15.8631],[-69.98317,-15.86191],[-69.98066,-15.8574],[-69.97473,-15.8539],[-69.96968,-15.85327],[-69.96327,-15.85375],[-69.95258,-15.86263],[-69.94509,-15.86449],[-69.93458,-15.86915],[-69.92316,-15.8807],[-69.92167,-15.88168],[-69.91621,-15.88229],[-69.90968,-15.88389],[-69.90584,-15.88302],[-69.90187,-15.88604],[-69.90059,-15.88647],[-69.89932,-15.88629],[-69.89487,-15.88382],[-69.8934,-15.88403],[-69.88905,-15.88933],[-69.88671,-15.89359],[-69.88688,-15.89492],[-69.88895,-15.89705],[-69.88929,-15.89841],[-69.88819,-15.90204],[-69.88228,-15.91494],[-69.88155,-15.92066],[-69.86628,-15.94001],[-69.86433,-15.94094],[-69.83532,-15.9447],[-69.83342,-15.94544],[-69.82673,-15.95346],[-69.80525,-15.96836],[-69.79494,-15.97249],[-69.79046,-15.97992],[-69.68893,-16.06444],[-69.64854,-16.08213],[-69.64651,-16.08387],[-69.64239,-16.09031],[-69.64112,-16.0913],[-69.62999,-16.0919],[-69.61766,-16.09722],[-69.61446,-16.09928],[-69.5845,-16.12577],[-69.58007,-16.13239],[-69.57971,-16.13675],[-69.57923,-16.13777],[-69.55047,-16.15692],[-69.53916,-16.16599],[-69.53774,-16.1682],[-69.52869,-16.18946],[-69.51545,-16.2073],[-69.51158,-16.21079],[-69.49577,-16.21735],[-69.47325,-16.2207],[-69.46884,-16.21965],[-69.46362,-16.21642],[-69.46098,-16.21571],[-69.45817,-16.21699],[-69.45478,-16.21569],[-69.45332,-16.21588],[-69.45183,-16.2151],[-69.45013,-16.21509],[-69.44869,-16.21326],[-69.44463,-16.21107],[-69.429,-16.2053],[-69.42568,-16.20305],[-69.4216,-16.20263],[-69.419,-16.20138],[-69.41768,-16.20164],[-69.41613,-16.2039],[-69.41619,-16.2047],[-69.417,-16.20564],[-69.41649,-16.20649],[-69.40365,-16.20595],[-69.39727,-16.21236],[-69.39319,-16.21851],[-69.3832,-16.22842],[-69.37161,-16.24223],[-69.36426,-16.24789],[-69.35676,-16.25194],[-69.34928,-16.25415],[-69.31397,-16.25878],[-69.31182,-16.25832],[-69.30643,-16.25544],[-69.30111,-16.25529],[-69.29816,-16.2563],[-69.29561,-16.25643],[-69.2953,-16.25743],[-69.29627,-16.26085],[-69.29534,-16.26918],[-69.29411,-16.27017],[-69.29157,-16.27008],[-69.29067,-16.27067],[-69.28982,-16.27583],[-69.28612,-16.27906],[-69.28351,-16.28267],[-69.28338,-16.28601],[-69.2827,-16.28793],[-69.26089,-16.32056],[-69.26029,-16.32087],[-69.2594,-16.32056],[-69.24743,-16.30669],[-69.23849,-16.29728],[-69.22826,-16.29119],[-69.22331,-16.28447],[-69.20713,-16.2716],[-69.17344,-16.26606],[-69.14151,-16.25793],[-69.09936,-16.24855],[-69.09323,-16.2393],[-69.09281,-16.23767],[-69.09577,-16.22527],[-69.09257,-16.22262],[-69.09075,-16.22026],[-69.09017,-16.2185],[-69.08334,-16.21375],[-69.0806,-16.2106],[-69.08109,-16.2084],[-69.08619,-16.20301],[-69.08893,-16.19785],[-69.09143,-16.19556],[-69.08961,-16.1896],[-69.08751,-16.18754],[-69.08749,-16.18653],[-69.08813,-16.18612],[-69.09123,-16.1864],[-69.09458,-16.18584],[-69.09526,-16.18554],[-69.09546,-16.18487],[-69.09382,-16.18158],[-69.09427,-16.17795],[-69.09327,-16.17569],[-69.08881,-16.1699],[-69.08532,-16.16813],[-69.08451,-16.16271],[-69.08335,-16.16251],[-69.07786,-16.15645],[-69.07458,-16.15119],[-69.07454,-16.14706],[-69.07656,-16.14464],[-69.07844,-16.13937],[-69.08049,-16.13868],[-69.08228,-16.13875],[-69.08499,-16.13593],[-69.08603,-16.13553],[-69.08574,-16.13413],[-69.0845,-16.13237],[-69.08274,-16.12525],[-69.083,-16.12248],[-69.08468,-16.11639],[-69.08303,-16.11433],[-69.08054,-16.11422],[-69.08132,-16.11262],[-69.08268,-16.11134],[-69.08812,-16.11151],[-69.08957,-16.11107],[-69.09176,-16.10928],[-69.09067,-16.10923],[-69.09105,-16.1072],[-69.09065,-16.10541],[-69.09103,-16.10407],[-69.09399,-16.09949],[-69.10301,-16.09652],[-69.10627,-16.09659],[-69.10713,-16.09611],[-69.10801,-16.09378],[-69.11327,-16.08811],[-69.11426,-16.0853],[-69.11427,-16.08251],[-69.11594,-16.08268],[-69.11702,-16.08093],[-69.11654,-16.07752],[-69.11831,-16.07798],[-69.11881,-16.07536],[-69.11988,-16.07517],[-69.12007,-16.07456],[-69.11908,-16.07441],[-69.119,-16.0728],[-69.12162,-16.07036],[-69.12358,-16.06947],[-69.12417,-16.06775],[-69.12323,-16.06853],[-69.12251,-16.0684],[-69.12264,-16.06596],[-69.12461,-16.06242],[-69.12649,-16.06123]]}},{"type":"Feature","properties":{"name":"Isla del Sol \u279c La Paz","mode":"bus","order":23},"geometry":{"type":"LineString","coordinates":[[-69.12649,-16.06123],[-69.12461,-16.06242],[-69.12264,-16.06596],[-69.12251,-16.0684],[-69.12323,-16.06853],[-69.12417,-16.06775],[-69.12358,-16.06947],[-69.12162,-16.07036],[-69.119,-16.0728],[-69.11908,-16.07441],[-69.12007,-16.07456],[-69.11988,-16.07517],[-69.11881,-16.07536],[-69.11831,-16.07798],[-69.11654,-16.07752],[-69.11702,-16.08093],[-69.11594,-16.08268],[-69.11427,-16.08251],[-69.11426,-16.0853],[-69.11327,-16.08811],[-69.10801,-16.09378],[-69.10713,-16.09611],[-69.10627,-16.09659],[-69.10301,-16.09652],[-69.09399,-16.09949],[-69.09103,-16.10407],[-69.09065,-16.10541],[-69.09105,-16.1072],[-69.09067,-16.10923],[-69.09176,-16.10928],[-69.08957,-16.11107],[-69.08751,-16.11159],[-69.08268,-16.11134],[-69.08132,-16.11262],[-69.08055,-16.11444],[-69.08303,-16.11433],[-69.08468,-16.11639],[-69.083,-16.12248],[-69.08274,-16.12525],[-69.08438,-16.132],[-69.08574,-16.13413],[-69.08601,-16.13562],[-69.08499,-16.13593],[-69.08228,-16.13875],[-69.08049,-16.13868],[-69.07844,-16.13937],[-69.07656,-16.14464],[-69.07489,-16.14632],[-69.07436,-16.14847],[-69.07251,-16.14865],[-69.07078,-16.14977],[-69.06896,-16.15292],[-69.06376,-16.15587],[-69.06317,-16.15791],[-69.06428,-16.15986],[-69.06327,-16.15933],[-69.05887,-16.15956],[-69.05811,-16.1598],[-69.05945,-16.1607],[-69.06122,-16.16094],[-69.05503,-16.16107],[-69.05287,-16.15998],[-69.05406,-16.15774],[-69.05195,-16.15739],[-69.05071,-16.15466],[-69.04942,-16.15386],[-69.04822,-16.15216],[-69.04712,-16.15171],[-69.0454,-16.15275],[-69.04413,-16.15264],[-69.04365,-16.15153],[-69.04245,-16.15128],[-69.04192,-16.14887],[-69.04082,-16.14775],[-69.04003,-16.14774],[-69.038,-16.14962],[-69.03274,-16.14864],[-69.03218,-16.14699],[-69.03247,-16.14447],[-69.032,-16.14295],[-69.03278,-16.14177],[-69.03241,-16.14113],[-69.02989,-16.14208],[-69.02734,-16.14195],[-69.02603,-16.14301],[-69.02439,-16.14578],[-69.02244,-16.14552],[-69.01994,-16.14403],[-69.01852,-16.14434],[-69.01776,-16.14562],[-69.01672,-16.14968],[-69.01522,-16.15245],[-69.01516,-16.15395],[-69.01462,-16.15429],[-69.00989,-16.15336],[-69.00725,-16.15189],[-69.00748,-16.14838],[-69.00646,-16.14808],[-69.00515,-16.14843],[-69.00177,-16.15144],[-68.99972,-16.15216],[-68.99884,-16.15509],[-68.99579,-16.15424],[-68.99384,-16.15792],[-68.99301,-16.15878],[-68.99137,-16.15937],[-68.98952,-16.16289],[-68.98738,-16.1634],[-68.98661,-16.1641],[-68.98292,-16.17223],[-68.98267,-16.17368],[-68.98323,-16.17594],[-68.98266,-16.17998],[-68.98199,-16.18099],[-68.9817,-16.18462],[-68.98077,-16.18554],[-68.97916,-16.18604],[-68.97838,-16.18753],[-68.97565,-16.19045],[-68.9733,-16.18998],[-68.97163,-16.18844],[-68.96982,-16.18876],[-68.96753,-16.18823],[-68.96642,-16.18706],[-68.96567,-16.18533],[-68.96457,-16.1858],[-68.96345,-16.18721],[-68.96002,-16.18782],[-68.9588,-16.18697],[-68.9587,-16.18554],[-68.9582,-16.18501],[-68.95312,-16.18534],[-68.95034,-16.1843],[-68.94587,-16.18709],[-68.94043,-16.18804],[-68.93822,-16.18905],[-68.93338,-16.1891],[-68.93212,-16.19006],[-68.92878,-16.18864],[-68.91912,-16.19197],[-68.9159,-16.19164],[-68.91375,-16.19578],[-68.91111,-16.1973],[-68.90812,-16.20055],[-68.90359,-16.20023],[-68.90129,-16.2027],[-68.89939,-16.20303],[-68.89819,-16.20264],[-68.89628,-16.2037],[-68.89293,-16.20439],[-68.89177,-16.20556],[-68.89087,-16.20542],[-68.88982,-16.20596],[-68.88876,-16.20559],[-68.88605,-16.20643],[-68.88433,-16.20801],[-68.88232,-16.20829],[-68.88099,-16.21021],[-68.87905,-16.20968],[-68.87798,-16.21137],[-68.87596,-16.21228],[-68.87461,-16.214],[-68.87338,-16.21428],[-68.87285,-16.2152],[-68.87092,-16.21635],[-68.87039,-16.21634],[-68.86965,-16.21543],[-68.86861,-16.21554],[-68.86718,-16.21677],[-68.8673,-16.21807],[-68.86628,-16.21936],[-68.86491,-16.21854],[-68.86396,-16.21906],[-68.8629,-16.21879],[-68.86163,-16.22066],[-68.85979,-16.22144],[-68.85858,-16.22119],[-68.85627,-16.22295],[-68.85592,-16.22379],[-68.85476,-16.22424],[-68.85392,-16.22572],[-68.8541,-16.22674],[-68.85291,-16.22662],[-68.85182,-16.22742],[-68.85087,-16.22543],[-68.84847,-16.22617],[-68.84811,-16.22586],[-68.85193,-16.22361],[-68.85308,-16.22196],[-68.85181,-16.22108],[-68.84749,-16.21411],[-68.84357,-16.21626],[-68.83882,-16.21692],[-68.83534,-16.21871],[-68.83253,-16.21863],[-68.83244,-16.21799],[-68.83425,-16.21634],[-68.84017,-16.21274],[-68.84058,-16.21193],[-68.84039,-16.21013],[-68.8397,-16.20962],[-68.83421,-16.20922],[-68.83199,-16.20842],[-68.83169,-16.20772],[-68.83286,-16.20491],[-68.83263,-16.20274],[-68.82996,-16.19873],[-68.82787,-16.1976],[-68.82589,-16.19796],[-68.82475,-16.1976],[-68.82308,-16.19791],[-68.82244,-16.19751],[-68.82281,-16.19487],[-68.82256,-16.19038],[-68.8246,-16.18286],[-68.82751,-16.17663],[-68.82696,-16.17461],[-68.82825,-16.17266],[-68.8283,-16.1705],[-68.82543,-16.16656],[-68.81818,-16.16944],[-68.81111,-16.17359],[-68.80801,-16.17648],[-68.805,-16.17643],[-68.79505,-16.17423],[-68.78553,-16.17556],[-68.78319,-16.17629],[-68.77883,-16.17872],[-68.77389,-16.18006],[-68.75972,-16.18904],[-68.75269,-16.19233],[-68.75119,-16.19216],[-68.74936,-16.18999],[-68.74793,-16.18955],[-68.72129,-16.19525],[-68.71454,-16.19888],[-68.70916,-16.20277],[-68.70713,-16.20498],[-68.70083,-16.20703],[-68.69753,-16.21043],[-68.69272,-16.21046],[-68.68947,-16.21247],[-68.68653,-16.21247],[-68.68404,-16.21423],[-68.68087,-16.21355],[-68.67859,-16.2147],[-68.67368,-16.21507],[-68.67031,-16.21479],[-68.66742,-16.21567],[-68.66321,-16.21549],[-68.66107,-16.21435],[-68.65202,-16.21377],[-68.64789,-16.21574],[-68.64621,-16.21599],[-68.64229,-16.211],[-68.63494,-16.20558],[-68.63189,-16.20123],[-68.63059,-16.19853],[-68.62669,-16.19619],[-68.62303,-16.19498],[-68.62215,-16.19235],[-68.62146,-16.19161],[-68.60755,-16.18958],[-68.60585,-16.18983],[-68.60459,-16.19095],[-68.59904,-16.19873],[-68.58941,-16.21553],[-68.57885,-16.23197],[-68.57613,-16.23954],[-68.56969,-16.24722],[-68.56896,-16.25138],[-68.56185,-16.25871],[-68.55422,-16.26857],[-68.5478,-16.28242],[-68.53814,-16.2947],[-68.52982,-16.29801],[-68.50789,-16.29949],[-68.50134,-16.29898],[-68.48582,-16.30122],[-68.47787,-16.30566],[-68.45337,-16.31175],[-68.42843,-16.32465],[-68.42478,-16.32767],[-68.42302,-16.33011],[-68.42118,-16.3309],[-68.41022,-16.34126],[-68.39556,-16.36021],[-68.35757,-16.4023],[-68.34076,-16.41885],[-68.33046,-16.43765],[-68.30586,-16.46438],[-68.30346,-16.4663],[-68.28059,-16.47475],[-68.26525,-16.47736],[-68.21134,-16.48928],[-68.21045,-16.48533],[-68.20664,-16.48594],[-68.20102,-16.48239],[-68.19976,-16.48312],[-68.19057,-16.48512],[-68.18694,-16.48691],[-68.17484,-16.48685],[-68.17166,-16.48815],[-68.17157,-16.48859],[-68.17055,-16.48789],[-68.17047,-16.48684],[-68.16852,-16.48557],[-68.16808,-16.48439],[-68.16809,-16.48609],[-68.16885,-16.48731],[-68.16563,-16.48585],[-68.1657,-16.48663],[-68.16693,-16.48761],[-68.16773,-16.48937],[-68.16523,-16.49257],[-68.16462,-16.49289],[-68.16387,-16.49187],[-68.16229,-16.49232],[-68.15961,-16.49378],[-68.15839,-16.49574],[-68.15685,-16.49666],[-68.15384,-16.49542],[-68.15168,-16.49554],[-68.15075,-16.49332],[-68.15014,-16.4931],[-68.14857,-16.49355],[-68.14566,-16.49287],[-68.14458,-16.4934],[-68.14274,-16.49331],[-68.14083,-16.49403],[-68.13969,-16.49383],[-68.1362,-16.4996],[-68.13489,-16.49853],[-68.13047,-16.50072],[-68.12857,-16.5002],[-68.12676,-16.50069],[-68.12454,-16.49973],[-68.12359,-16.50044],[-68.12424,-16.499],[-68.12432,-16.49713],[-68.12167,-16.49459],[-68.11973,-16.49447],[-68.11957,-16.49137],[-68.11923,-16.49136],[-68.11884,-16.48985]]}},{"type":"Feature","properties":{"name":"La Paz \u279c Uyuni","mode":"bus","order":24},"geometry":{"type":"LineString","coordinates":[[-68.11884,-16.48985],[-68.11918,-16.49264],[-68.11807,-16.49589],[-68.11864,-16.49701],[-68.12221,-16.49854],[-68.12288,-16.49844],[-68.12699,-16.50072],[-68.12857,-16.5002],[-68.13047,-16.50072],[-68.13196,-16.49995],[-68.1317,-16.49922],[-68.13362,-16.49811],[-68.13504,-16.50073],[-68.13919,-16.50451],[-68.14107,-16.50414],[-68.14239,-16.50339],[-68.14266,-16.50275],[-68.14446,-16.50324],[-68.15187,-16.50861],[-68.15157,-16.5095],[-68.15091,-16.50986],[-68.14989,-16.50944],[-68.1517,-16.51141],[-68.15027,-16.51226],[-68.14993,-16.51547],[-68.15072,-16.51393],[-68.15385,-16.51164],[-68.15486,-16.5145],[-68.159,-16.52011],[-68.16378,-16.51729],[-68.16726,-16.5212],[-68.16908,-16.52253],[-68.18022,-16.55445],[-68.18089,-16.55752],[-68.18584,-16.56953],[-68.17981,-16.65645],[-68.1903,-16.68818],[-68.18878,-16.70039],[-68.18613,-16.71338],[-68.18033,-16.79464],[-68.17289,-16.81027],[-68.15839,-16.83859],[-68.14125,-16.86042],[-68.13342,-16.87272],[-68.12467,-16.89857],[-68.1167,-16.91474],[-68.10847,-16.93427],[-68.08889,-16.95938],[-68.08634,-16.96905],[-68.07148,-16.99894],[-68.06982,-17.00618],[-68.06873,-17.00869],[-68.06364,-17.01562],[-68.05731,-17.01974],[-68.05344,-17.02374],[-68.01107,-17.08974],[-67.98449,-17.11234],[-67.97699,-17.1146],[-67.96969,-17.1185],[-67.96709,-17.12046],[-67.95926,-17.12979],[-67.95672,-17.13763],[-67.95185,-17.14198],[-67.947,-17.14743],[-67.9443,-17.15574],[-67.94561,-17.1675],[-67.94218,-17.17507],[-67.93858,-17.17914],[-67.93801,-17.18066],[-67.94024,-17.19383],[-67.9402,-17.19606],[-67.93955,-17.19768],[-67.93107,-17.21032],[-67.92536,-17.2167],[-67.91379,-17.22563],[-67.90082,-17.23951],[-67.89324,-17.24968],[-67.88732,-17.25457],[-67.75237,-17.32659],[-67.75033,-17.32788],[-67.74263,-17.33499],[-67.72706,-17.34019],[-67.71116,-17.35142],[-67.68056,-17.37193],[-67.65765,-17.38235],[-67.64703,-17.38518],[-67.62977,-17.3863],[-67.58355,-17.3928],[-67.58117,-17.39358],[-67.48372,-17.46289],[-67.44457,-17.49448],[-67.44167,-17.49776],[-67.43942,-17.50192],[-67.41607,-17.52387],[-67.39513,-17.53762],[-67.37059,-17.55482],[-67.36891,-17.55561],[-67.35657,-17.55842],[-67.30739,-17.58308],[-67.29441,-17.58911],[-67.28813,-17.59137],[-67.27675,-17.59788],[-67.24025,-17.62104],[-67.23036,-17.62861],[-67.22677,-17.63286],[-67.22571,-17.63922],[-67.22388,-17.64283],[-67.21752,-17.64902],[-67.20923,-17.65574],[-67.20736,-17.65804],[-67.20584,-17.66112],[-67.14822,-17.82941],[-67.1282,-17.89327],[-67.11906,-17.92525],[-67.11899,-17.92713],[-67.11847,-17.9274],[-67.1155,-17.92665],[-67.11295,-17.92709],[-67.11048,-17.9284],[-67.10895,-17.93017],[-67.09377,-17.95814],[-67.09256,-17.96454],[-67.0934,-17.97186],[-67.09323,-17.97157],[-67.05804,-17.97791],[-67.05317,-17.97921],[-67.0506,-17.98058],[-67.04866,-17.98916],[-67.03923,-18.00758],[-67.03612,-18.0122],[-67.02065,-18.03105],[-67.00647,-18.05781],[-67.00574,-18.06127],[-67.00587,-18.07538],[-67.00666,-18.07878],[-67.01034,-18.08862],[-67.01038,-18.09215],[-67.00191,-18.12263],[-66.98662,-18.15517],[-66.98632,-18.15695],[-66.98757,-18.16235],[-66.98943,-18.16574],[-66.99062,-18.16663],[-66.99255,-18.16675],[-67.00164,-18.16408],[-67.00667,-18.16367],[-67.00871,-18.16439],[-67.01579,-18.17821],[-67.01608,-18.18061],[-66.99352,-18.2892],[-66.98544,-18.34448],[-66.98001,-18.37496],[-66.9763,-18.41004],[-66.97015,-18.45961],[-66.96576,-18.48076],[-66.95055,-18.54626],[-66.94132,-18.56999],[-66.93449,-18.5793],[-66.92572,-18.59268],[-66.91311,-18.60147],[-66.91042,-18.60436],[-66.90818,-18.60838],[-66.88549,-18.66594],[-66.8841,-18.67407],[-66.87772,-18.70235],[-66.87608,-18.70613],[-66.87497,-18.71025],[-66.87405,-18.7115],[-66.86958,-18.71489],[-66.86724,-18.71982],[-66.86652,-18.72474],[-66.86984,-18.73276],[-66.86997,-18.73463],[-66.86206,-18.75538],[-66.86061,-18.76257],[-66.81291,-18.84994],[-66.80813,-18.85739],[-66.77772,-18.8948],[-66.77668,-18.89755],[-66.7796,-18.94017],[-66.78109,-18.9748],[-66.77721,-19.0013],[-66.77589,-19.00619],[-66.77768,-19.02065],[-66.77709,-19.02323],[-66.77811,-19.03486],[-66.77829,-19.057],[-66.76833,-19.1273],[-66.77122,-19.14681],[-66.77848,-19.16537],[-66.79855,-19.22271],[-66.83906,-19.30604],[-66.84452,-19.32138],[-66.85257,-19.33364],[-66.85373,-19.33723],[-66.85578,-19.35132],[-66.85751,-19.35343],[-66.86696,-19.35884],[-66.86746,-19.36018],[-66.86687,-19.3689],[-66.86805,-19.37266],[-66.87269,-19.37881],[-66.87901,-19.38486],[-66.89931,-19.40963],[-66.89986,-19.41172],[-66.89938,-19.41696],[-66.90277,-19.42144],[-66.90591,-19.42998],[-66.90986,-19.44625],[-66.90928,-19.45711],[-66.90746,-19.45961],[-66.90632,-19.46345],[-66.90094,-19.46813],[-66.89291,-19.47387],[-66.88773,-19.47682],[-66.88426,-19.47746],[-66.88331,-19.47807],[-66.8817,-19.48128],[-66.86546,-19.50686],[-66.86408,-19.51181],[-66.86286,-19.51399],[-66.86395,-19.51838],[-66.86093,-19.52496],[-66.85303,-19.54827],[-66.85288,-19.55453],[-66.85209,-19.55857],[-66.84393,-19.56683],[-66.83497,-19.57972],[-66.81878,-19.5892],[-66.81338,-19.59502],[-66.8106,-19.6001],[-66.80291,-19.61002],[-66.80176,-19.61394],[-66.80179,-19.61986],[-66.80034,-19.62527],[-66.79259,-19.63994],[-66.79089,-19.64512],[-66.78432,-19.6564],[-66.77853,-19.66384],[-66.77339,-19.66929],[-66.77362,-19.68034],[-66.77263,-19.68693],[-66.77353,-19.68872],[-66.77629,-19.69016],[-66.77757,-19.6935],[-66.77852,-19.69847],[-66.77828,-19.70071],[-66.77915,-19.70571],[-66.78469,-19.70848],[-66.78702,-19.71095],[-66.79011,-19.71739],[-66.79338,-19.72184],[-66.8051,-19.7456],[-66.80746,-19.74944],[-66.8082,-19.75324],[-66.808,-19.7549],[-66.80546,-19.75884],[-66.80325,-19.76767],[-66.80048,-19.77504],[-66.8006,-19.7835],[-66.80196,-19.78781],[-66.80662,-19.7944],[-66.80942,-19.80559],[-66.81537,-19.81525],[-66.81902,-19.82581],[-66.82136,-19.82885],[-66.82318,-19.83034],[-66.83245,-19.83288],[-66.83417,-19.83396],[-66.83499,-19.83502],[-66.83737,-19.84099],[-66.84138,-19.84708],[-66.84398,-19.84965],[-66.85444,-19.85456],[-66.85826,-19.85499],[-66.85953,-19.8557],[-66.86181,-19.8622],[-66.86533,-19.86467],[-66.86795,-19.86913],[-66.86749,-19.87159],[-66.86292,-19.87571],[-66.86236,-19.87673],[-66.86255,-19.87823],[-66.86505,-19.88303],[-66.8643,-19.88793],[-66.8648,-19.89303],[-66.86366,-19.89702],[-66.85832,-19.90813],[-66.85788,-19.9107],[-66.85848,-19.91498],[-66.8592,-19.9168],[-66.86671,-19.92704],[-66.8699,-19.92959],[-66.87028,-19.93312],[-66.87155,-19.93713],[-66.8706,-19.94321],[-66.86849,-19.94734],[-66.86542,-19.95024],[-66.86196,-19.95149],[-66.86031,-19.95356],[-66.86046,-19.95496],[-66.86192,-19.95715],[-66.86254,-19.96167],[-66.85928,-19.97244],[-66.86156,-19.97689],[-66.86199,-19.97963],[-66.86143,-19.98231],[-66.85959,-19.98533],[-66.85924,-19.98928],[-66.85952,-19.9939],[-66.85901,-19.9979],[-66.85563,-20.00417],[-66.85551,-20.00747],[-66.85748,-20.01073],[-66.8579,-20.01314],[-66.85874,-20.01461],[-66.86282,-20.01888],[-66.86669,-20.02102],[-66.86912,-20.02404],[-66.86982,-20.028],[-66.86962,-20.03213],[-66.87015,-20.03654],[-66.86953,-20.0479],[-66.87049,-20.05147],[-66.87269,-20.05461],[-66.88107,-20.06266],[-66.88343,-20.06738],[-66.88693,-20.07163],[-66.89173,-20.08323],[-66.8953,-20.08682],[-66.90192,-20.09809],[-66.9103,-20.10979],[-66.91197,-20.11087],[-66.91681,-20.11265],[-66.92128,-20.11612],[-66.92641,-20.1183],[-66.93466,-20.12341],[-66.93593,-20.1248],[-66.93911,-20.13559],[-66.94334,-20.14584],[-66.94629,-20.15823],[-66.94882,-20.16416],[-66.95124,-20.17533],[-66.95438,-20.21052],[-66.95657,-20.22104],[-66.95217,-20.2344],[-66.95262,-20.23667],[-66.95539,-20.24059],[-66.95581,-20.24293],[-66.95609,-20.25046],[-66.95382,-20.26004],[-66.94851,-20.27227],[-66.94117,-20.28402],[-66.93742,-20.29416],[-66.93231,-20.29992],[-66.93169,-20.30197],[-66.93124,-20.30854],[-66.92949,-20.31265],[-66.92449,-20.3214],[-66.91528,-20.33354],[-66.90779,-20.34841],[-66.90543,-20.35137],[-66.90509,-20.3529],[-66.90535,-20.35569],[-66.90471,-20.35735],[-66.90064,-20.36084],[-66.8711,-20.39945],[-66.8507,-20.42247],[-66.84412,-20.43279],[-66.83255,-20.45269],[-66.82512,-20.45895],[-66.82644,-20.46035]]}},{"type":"Feature","properties":{"name":"Uyuni \u279c San Pedro de Atacama","mode":"car","order":25},"geometry":{"type":"LineString","coordinates":[[-66.82644,-20.46035],[-66.82749,-20.46147],[-66.82491,-20.4636],[-66.82565,-20.4644],[-66.81991,-20.4692],[-66.81973,-20.46968],[-66.82037,-20.47037],[-66.81938,-20.47122],[-66.8193,-20.47253],[-66.82114,-20.47459],[-66.8249,-20.48565],[-66.847,-20.58419],[-66.84843,-20.61297],[-66.86329,-20.65327],[-66.86603,-20.65765],[-66.89856,-20.6789],[-66.89941,-20.67989],[-66.93373,-20.74269],[-66.95233,-20.79902],[-66.95607,-20.81664],[-66.9678,-20.83564],[-66.98126,-20.86093],[-66.9906,-20.8709],[-66.99291,-20.87433],[-66.99382,-20.87738],[-66.99407,-20.88717],[-66.99461,-20.88938],[-67.01004,-20.91757],[-67.0147,-20.92842],[-67.01973,-20.93843],[-67.02598,-20.94561],[-67.03135,-20.95349],[-67.03538,-20.95675],[-67.04448,-20.96168],[-67.04707,-20.96471],[-67.05551,-20.98404],[-67.05936,-20.99158],[-67.06193,-20.99882],[-67.06825,-21.0134],[-67.07283,-21.02693],[-67.08492,-21.0438],[-67.08625,-21.05004],[-67.08976,-21.05824],[-67.09405,-21.06668],[-67.09556,-21.07449],[-67.09663,-21.07575],[-67.10019,-21.07764],[-67.10322,-21.08091],[-67.10487,-21.09171],[-67.11499,-21.10107],[-67.13184,-21.12019],[-67.13354,-21.12113],[-67.13684,-21.12165],[-67.13824,-21.12262],[-67.14711,-21.13632],[-67.1579,-21.15186],[-67.15985,-21.15402],[-67.1696,-21.16228],[-67.17116,-21.16479],[-67.17263,-21.16618],[-67.17474,-21.16703],[-67.18019,-21.16729],[-67.18178,-21.16796],[-67.19267,-21.18108],[-67.198,-21.18403],[-67.21171,-21.19665],[-67.21523,-21.19893],[-67.21753,-21.20973],[-67.21488,-21.22728],[-67.21584,-21.23886],[-67.21692,-21.24207],[-67.2208,-21.24843],[-67.22391,-21.25517],[-67.22408,-21.25931],[-67.22528,-21.26554],[-67.22794,-21.26863],[-67.22993,-21.27016],[-67.23397,-21.27196],[-67.24014,-21.27301],[-67.24336,-21.27492],[-67.24644,-21.27514],[-67.24717,-21.27577],[-67.24787,-21.27758],[-67.24888,-21.27824],[-67.25714,-21.27997],[-67.26866,-21.28377],[-67.27112,-21.28393],[-67.28006,-21.28288],[-67.2906,-21.28269],[-67.29751,-21.28363],[-67.32821,-21.29735],[-67.34002,-21.30339],[-67.34405,-21.30498],[-67.37552,-21.31313],[-67.38779,-21.31799],[-67.39323,-21.31967],[-67.42823,-21.32617],[-67.43497,-21.32782],[-67.44492,-21.33112],[-67.47807,-21.34375],[-67.55422,-21.38136],[-67.56656,-21.38543],[-67.5713,-21.38745],[-67.58905,-21.39793],[-67.59314,-21.39972],[-67.60403,-21.401],[-67.61767,-21.39925],[-67.64853,-21.39719],[-67.65479,-21.39768],[-67.66741,-21.40011],[-67.67682,-21.4004],[-67.67808,-21.40001],[-67.67904,-21.39905],[-67.68057,-21.39379],[-67.68193,-21.39162],[-67.68423,-21.38991],[-67.68729,-21.38912],[-67.69643,-21.39036],[-67.70691,-21.39309],[-67.71225,-21.39244],[-67.71669,-21.39292],[-67.72607,-21.39611],[-67.7296,-21.39618],[-67.74481,-21.39907],[-67.74755,-21.39892],[-67.75196,-21.39977],[-67.75795,-21.40225],[-67.76171,-21.4025],[-67.76274,-21.40332],[-67.76327,-21.40562],[-67.76805,-21.407],[-67.77335,-21.40946],[-67.81721,-21.42129],[-67.82209,-21.42443],[-67.82899,-21.43236],[-67.83626,-21.43762],[-67.84113,-21.44375],[-67.84822,-21.44754],[-67.85244,-21.44796],[-67.86149,-21.446],[-67.86956,-21.44734],[-67.87371,-21.44598],[-67.88227,-21.44053],[-67.8867,-21.43841],[-67.90782,-21.43294],[-67.92079,-21.42566],[-67.92778,-21.42364],[-67.93482,-21.419],[-67.94249,-21.41711],[-67.94698,-21.41451],[-67.94938,-21.41408],[-67.9548,-21.41457],[-67.96796,-21.41265],[-67.97192,-21.4113],[-67.97606,-21.40867],[-67.98531,-21.40149],[-67.99379,-21.39135],[-68.00509,-21.38721],[-68.00834,-21.38444],[-68.00971,-21.38198],[-68.01433,-21.36905],[-68.01568,-21.36669],[-68.01829,-21.36376],[-68.02439,-21.35922],[-68.02805,-21.35475],[-68.03327,-21.35001],[-68.03498,-21.34757],[-68.046,-21.319],[-68.04844,-21.31564],[-68.06293,-21.30501],[-68.08299,-21.29322],[-68.08795,-21.28942],[-68.09581,-21.28516],[-68.10104,-21.28083],[-68.10802,-21.27676],[-68.11497,-21.27066],[-68.13778,-21.25242],[-68.14781,-21.24172],[-68.15495,-21.23639],[-68.16604,-21.22999],[-68.18054,-21.22397],[-68.18569,-21.22085],[-68.19523,-21.21805],[-68.19917,-21.21429],[-68.21009,-21.2078],[-68.2142,-21.20476],[-68.21943,-21.20877],[-68.22519,-21.21062],[-68.24999,-21.22315],[-68.25022,-21.22369],[-68.24847,-21.22651],[-68.24851,-21.22719],[-68.25251,-21.23028],[-68.25568,-21.23156],[-68.26278,-21.25827],[-68.26956,-21.27959],[-68.27008,-21.28347],[-68.26952,-21.29556],[-68.26846,-21.303],[-68.27109,-21.31491],[-68.27324,-21.32123],[-68.27626,-21.32567],[-68.28021,-21.33866],[-68.28203,-21.34247],[-68.28399,-21.34992],[-68.28491,-21.35115],[-68.29117,-21.35585],[-68.2944,-21.35909],[-68.29701,-21.36328],[-68.29864,-21.36716],[-68.30014,-21.37204],[-68.29897,-21.37678],[-68.2973,-21.38001],[-68.29636,-21.38416],[-68.29697,-21.38651],[-68.30017,-21.39185],[-68.30656,-21.39803],[-68.32143,-21.40219],[-68.32367,-21.40213],[-68.32657,-21.40279],[-68.33074,-21.40006],[-68.33488,-21.39945],[-68.34041,-21.40029],[-68.34485,-21.40031],[-68.34845,-21.40231],[-68.35006,-21.4042],[-68.35432,-21.40454],[-68.35573,-21.40613],[-68.35724,-21.40907],[-68.36139,-21.41228],[-68.36257,-21.41752],[-68.36238,-21.41972],[-68.3638,-21.4243],[-68.36494,-21.42627],[-68.36753,-21.42884],[-68.37073,-21.4303],[-68.37977,-21.42951],[-68.38314,-21.42986],[-68.38548,-21.43143],[-68.38557,-21.43222],[-68.38172,-21.44469],[-68.3928,-21.46546],[-68.39795,-21.48514],[-68.39881,-21.49087],[-68.39814,-21.49622],[-68.39616,-21.49884],[-68.38917,-21.50494],[-68.36516,-21.52447],[-68.36044,-21.52737],[-68.35462,-21.53015],[-68.33843,-21.53636],[-68.32722,-21.54584],[-68.3184,-21.55191],[-68.31746,-21.55379],[-68.31356,-21.5704],[-68.31162,-21.58544],[-68.31467,-21.59785],[-68.31648,-21.60228],[-68.31606,-21.60445],[-68.30227,-21.61692],[-68.29311,-21.62836],[-68.29194,-21.62912],[-68.28726,-21.63048],[-68.28335,-21.63419],[-68.27536,-21.64687],[-68.27524,-21.64895],[-68.27662,-21.65204],[-68.2761,-21.65415],[-68.27264,-21.65718],[-68.26803,-21.66247],[-68.26546,-21.66697],[-68.26336,-21.66963],[-68.26189,-21.6706],[-68.25882,-21.67153],[-68.25716,-21.67283],[-68.25124,-21.68271],[-68.25022,-21.6874],[-68.24999,-21.69241],[-68.2506,-21.69465],[-68.25029,-21.69738],[-68.25728,-21.70476],[-68.26358,-21.71279],[-68.27044,-21.71769],[-68.27224,-21.72216],[-68.27831,-21.72784],[-68.28352,-21.73585],[-68.28889,-21.74024],[-68.29429,-21.74385],[-68.30376,-21.74706],[-68.31297,-21.74802],[-68.34973,-21.76323],[-68.36416,-21.77262],[-68.3878,-21.79253],[-68.39158,-21.79628],[-68.42734,-21.8002],[-68.44031,-21.80674],[-68.44639,-21.80796],[-68.45045,-21.81367],[-68.45845,-21.81245],[-68.46006,-21.81275],[-68.49498,-21.83073],[-68.4991,-21.83332],[-68.50483,-21.83813],[-68.50817,-21.84509],[-68.50827,-21.84652],[-68.50132,-21.87185],[-68.49863,-21.87607],[-68.49319,-21.89332],[-68.51195,-21.92786],[-68.51123,-21.93313],[-68.51226,-21.93377],[-68.52605,-21.93512],[-68.53269,-21.93993],[-68.52902,-21.94314],[-68.53129,-21.9421],[-68.53435,-21.94277],[-68.55439,-21.95835],[-68.59441,-22.01388],[-68.5957,-22.16778],[-68.59416,-22.1912],[-68.59927,-22.22337],[-68.60854,-22.24127],[-68.61042,-22.24785],[-68.62055,-22.26582],[-68.62364,-22.27845],[-68.62965,-22.2869],[-68.63346,-22.29332],[-68.63799,-22.30542],[-68.64495,-22.31288],[-68.64569,-22.31432],[-68.6459,-22.31626],[-68.6451,-22.31812],[-68.64512,-22.31962],[-68.6495,-22.32411],[-68.64881,-22.3254],[-68.65002,-22.32829],[-68.64899,-22.33542],[-68.64934,-22.33762],[-68.65261,-22.33805],[-68.65205,-22.34183],[-68.65811,-22.34173],[-68.66029,-22.34312],[-68.66235,-22.34762],[-68.66717,-22.36433],[-68.67332,-22.37447],[-68.67561,-22.37633],[-68.68242,-22.38042],[-68.69125,-22.38463],[-68.69451,-22.38796],[-68.70575,-22.39533],[-68.70932,-22.39637],[-68.71346,-22.40011],[-68.724,-22.40359],[-68.7299,-22.40482],[-68.73872,-22.40368],[-68.75186,-22.40562],[-68.76144,-22.40504],[-68.77418,-22.40507],[-68.77754,-22.40569],[-68.84017,-22.43146],[-68.89935,-22.44279],[-68.90229,-22.44332],[-68.9028,-22.44316],[-68.90268,-22.44276],[-68.89907,-22.44594],[-68.89766,-22.44965],[-68.90026,-22.46446],[-68.89873,-22.4679],[-68.89889,-22.46952],[-68.8995,-22.46971],[-68.89951,-22.46932],[-68.89898,-22.46928],[-68.89287,-22.47443],[-68.88134,-22.48176],[-68.8673,-22.49426],[-68.85341,-22.50471],[-68.8484,-22.51001],[-68.82698,-22.52563],[-68.81789,-22.52951],[-68.80304,-22.53327],[-68.79851,-22.53541],[-68.78748,-22.54362],[-68.73173,-22.57602],[-68.69897,-22.59594],[-68.64218,-22.61956],[-68.50289,-22.67436],[-68.45778,-22.6963],[-68.44016,-22.70576],[-68.4324,-22.70767],[-68.42933,-22.70658],[-68.42815,-22.70663],[-68.42409,-22.71086],[-68.39056,-22.72579],[-68.3894,-22.72703],[-68.38909,-22.72882],[-68.39727,-22.75083],[-68.39723,-22.75757],[-68.39034,-22.76129],[-68.38556,-22.7711],[-68.38481,-22.77184],[-68.38324,-22.77206],[-68.37635,-22.76963],[-68.37506,-22.76976],[-68.37372,-22.77065],[-68.37013,-22.77903],[-68.3687,-22.78837],[-68.36722,-22.79193],[-68.35576,-22.79823],[-68.35434,-22.79949],[-68.34614,-22.81272],[-68.34263,-22.82115],[-68.3369,-22.82789],[-68.33527,-22.83144],[-68.33427,-22.83615],[-68.32454,-22.83996],[-68.32443,-22.84103],[-68.32744,-22.84878],[-68.32716,-22.85027],[-68.27738,-22.89859],[-68.27512,-22.89996],[-68.25464,-22.90659],[-68.24651,-22.91406],[-68.24152,-22.91592],[-68.23954,-22.91716],[-68.23555,-22.91775],[-68.23291,-22.91785],[-68.2321,-22.91747],[-68.23184,-22.91481],[-68.22196,-22.90413],[-68.21918,-22.90168],[-68.21702,-22.90172],[-68.21544,-22.90299],[-68.20495,-22.90853],[-68.20356,-22.9098],[-68.20314,-22.90984],[-68.20372,-22.90834],[-68.20341,-22.90666],[-68.20193,-22.90822],[-68.19938,-22.90806],[-68.19924,-22.90851]]}},{"type":"Feature","properties":{"name":"San Pedro de Atacama \u279c Cha\u00f1aral","mode":"car","order":26},"geometry":{"type":"LineString","coordinates":[[-68.19924,-22.90851],[-68.19938,-22.90806],[-68.20193,-22.90822],[-68.20341,-22.90666],[-68.20372,-22.90834],[-68.20314,-22.90984],[-68.20356,-22.9098],[-68.20495,-22.90853],[-68.21544,-22.90299],[-68.21702,-22.90172],[-68.21918,-22.90168],[-68.22196,-22.90413],[-68.23184,-22.91481],[-68.2321,-22.91747],[-68.23291,-22.91785],[-68.23555,-22.91775],[-68.23954,-22.91716],[-68.24152,-22.91592],[-68.24651,-22.91406],[-68.25464,-22.90659],[-68.27512,-22.89996],[-68.27738,-22.89859],[-68.32716,-22.85027],[-68.32744,-22.84878],[-68.32443,-22.84103],[-68.32454,-22.83996],[-68.33427,-22.83615],[-68.33527,-22.83144],[-68.3369,-22.82789],[-68.34263,-22.82115],[-68.34614,-22.81272],[-68.35434,-22.79949],[-68.35576,-22.79823],[-68.36722,-22.79193],[-68.3687,-22.78837],[-68.37013,-22.77903],[-68.37372,-22.77065],[-68.37506,-22.76976],[-68.37635,-22.76963],[-68.38324,-22.77206],[-68.38481,-22.77184],[-68.38556,-22.7711],[-68.39034,-22.76129],[-68.39723,-22.75757],[-68.39727,-22.75083],[-68.38909,-22.72882],[-68.3894,-22.72703],[-68.39056,-22.72579],[-68.42409,-22.71086],[-68.42815,-22.70663],[-68.42933,-22.70658],[-68.4324,-22.70767],[-68.44016,-22.70576],[-68.45778,-22.6963],[-68.50289,-22.67436],[-68.64218,-22.61956],[-68.69837,-22.59625],[-68.73173,-22.57602],[-68.78748,-22.54362],[-68.79851,-22.53541],[-68.80304,-22.53327],[-68.81789,-22.52951],[-68.82698,-22.52563],[-68.8484,-22.51001],[-68.85341,-22.50471],[-68.8673,-22.49426],[-68.88134,-22.48176],[-68.89268,-22.47457],[-68.90049,-22.46807],[-68.90208,-22.47403],[-68.90282,-22.47521],[-68.92198,-22.49236],[-68.9231,-22.49275],[-68.92661,-22.49239],[-68.926,-22.49435],[-68.92734,-22.49806],[-68.93788,-22.51054],[-68.95237,-22.52059],[-68.95698,-22.52322],[-68.96124,-22.52416],[-68.96365,-22.52523],[-68.96893,-22.52837],[-68.97306,-22.53215],[-68.99397,-22.54449],[-69.0415,-22.57815],[-69.06895,-22.59486],[-69.08667,-22.60833],[-69.12175,-22.63081],[-69.12496,-22.63361],[-69.12896,-22.63588],[-69.13293,-22.63638],[-69.13575,-22.63569],[-69.14348,-22.63185],[-69.14794,-22.6315],[-69.15051,-22.63227],[-69.16447,-22.63861],[-69.16707,-22.64052],[-69.16855,-22.6427],[-69.17257,-22.65159],[-69.1745,-22.66522],[-69.19462,-22.70906],[-69.20119,-22.71983],[-69.20454,-22.72944],[-69.21746,-22.74861],[-69.21791,-22.75099],[-69.2177,-22.75305],[-69.2146,-22.76037],[-69.214,-22.763],[-69.21431,-22.78163],[-69.22028,-22.80052],[-69.23071,-22.81799],[-69.24072,-22.83016],[-69.25403,-22.84465],[-69.27458,-22.85914],[-69.29733,-22.87397],[-69.29936,-22.87725],[-69.30133,-22.88779],[-69.30251,-22.8906],[-69.31775,-22.90487],[-69.32212,-22.90698],[-69.33233,-22.90782],[-69.33456,-22.90872],[-69.33675,-22.91033],[-69.37671,-22.96513],[-69.38544,-22.97506],[-69.4307,-23.02092],[-69.48638,-23.07076],[-69.49152,-23.07893],[-69.49565,-23.08398],[-69.53284,-23.1196],[-69.54119,-23.12396],[-69.54518,-23.12512],[-69.55576,-23.12988],[-69.56962,-23.1331],[-69.58482,-23.14363],[-69.6103,-23.16161],[-69.61734,-23.16978],[-69.62954,-23.17938],[-69.63163,-23.18047],[-69.63518,-23.18126],[-69.63596,-23.1823],[-69.63648,-23.18439],[-69.63781,-23.18587],[-69.6711,-23.21298],[-69.69351,-23.22356],[-69.76048,-23.27532],[-69.77568,-23.28755],[-69.78481,-23.29257],[-69.82477,-23.32248],[-69.82624,-23.324],[-69.82792,-23.32714],[-69.82923,-23.32829],[-69.83216,-23.32914],[-69.84292,-23.32854],[-69.84637,-23.32954],[-69.85484,-23.33516],[-69.85622,-23.33705],[-69.85794,-23.34136],[-69.86053,-23.3439],[-69.89598,-23.363],[-69.91417,-23.36977],[-69.99521,-23.42025],[-70.03878,-23.44646],[-70.04171,-23.44724],[-70.0641,-23.45012],[-70.07338,-23.44827],[-70.07777,-23.44815],[-70.09074,-23.45079],[-70.09989,-23.45127],[-70.1082,-23.45244],[-70.15116,-23.4561],[-70.15475,-23.45711],[-70.17064,-23.46895],[-70.18774,-23.48546],[-70.21193,-23.51476],[-70.22068,-23.51964],[-70.22426,-23.52305],[-70.26228,-23.59852],[-70.26244,-23.60063],[-70.26126,-23.60413],[-70.26103,-23.60652],[-70.26361,-23.66568],[-70.26434,-23.66907],[-70.26804,-23.67802],[-70.27701,-23.68773],[-70.28705,-23.70719],[-70.29388,-23.71634],[-70.30206,-23.7404],[-70.3163,-23.77528],[-70.31741,-23.77903],[-70.31191,-23.85936],[-70.2739,-24.03991],[-70.27301,-24.04198],[-70.27152,-24.04375],[-70.26515,-24.04758],[-70.27472,-24.06269],[-70.27817,-24.07311],[-70.279,-24.07878],[-70.27927,-24.08735],[-70.28452,-24.10046],[-70.29046,-24.11111],[-70.29497,-24.11697],[-70.30454,-24.13184],[-70.31381,-24.14947],[-70.31506,-24.15399],[-70.31473,-24.15836],[-70.31289,-24.16251],[-70.305,-24.17187],[-70.29348,-24.18712],[-70.29217,-24.19014],[-70.2914,-24.2056],[-70.29195,-24.21376],[-70.29432,-24.22348],[-70.29521,-24.24639],[-70.2945,-24.25283],[-70.29274,-24.25968],[-70.29421,-24.27095],[-70.29333,-24.27916],[-70.29221,-24.30136],[-70.29077,-24.31622],[-70.2906,-24.32695],[-70.29899,-24.37054],[-70.30003,-24.37412],[-70.2999,-24.37627],[-70.29823,-24.38019],[-70.29824,-24.38225],[-70.29911,-24.38418],[-70.30214,-24.38765],[-70.30425,-24.39168],[-70.3053,-24.40296],[-70.3068,-24.4099],[-70.30659,-24.41687],[-70.32184,-24.50383],[-70.32279,-24.50619],[-70.32728,-24.51145],[-70.32837,-24.51396],[-70.32837,-24.51905],[-70.34176,-24.62056],[-70.3442,-24.62702],[-70.34833,-24.63212],[-70.34947,-24.63461],[-70.35044,-24.65069],[-70.35232,-24.66283],[-70.36319,-24.72113],[-70.37702,-24.76093],[-70.37751,-24.76361],[-70.37732,-24.76774],[-70.37877,-24.77571],[-70.37811,-24.78002],[-70.37943,-24.78724],[-70.38109,-24.80587],[-70.38767,-24.82274],[-70.38939,-24.83217],[-70.39261,-24.8364],[-70.3932,-24.83801],[-70.39258,-24.85206],[-70.39314,-24.8619],[-70.40105,-24.91563],[-70.40103,-24.91773],[-70.39772,-24.92616],[-70.39426,-24.9317],[-70.39299,-24.93671],[-70.39163,-24.93785],[-70.38845,-24.93874],[-70.38324,-24.94284],[-70.38156,-24.94644],[-70.37795,-24.94868],[-70.37603,-24.95303],[-70.37291,-24.95596],[-70.37247,-24.95753],[-70.37314,-24.9611],[-70.37383,-24.96226],[-70.37657,-24.96457],[-70.38121,-24.9661],[-70.38457,-24.96783],[-70.38621,-24.97093],[-70.38932,-24.97282],[-70.39038,-24.97434],[-70.39387,-24.97701],[-70.39712,-24.98103],[-70.3986,-24.98147],[-70.40328,-24.98076],[-70.40496,-24.98145],[-70.4062,-24.98269],[-70.40681,-24.98454],[-70.4065,-24.98749],[-70.40847,-24.9894],[-70.40897,-24.99073],[-70.40874,-24.99188],[-70.40684,-24.99444],[-70.40641,-24.99585],[-70.40728,-24.99967],[-70.40627,-25.00382],[-70.4063,-25.00932],[-70.40682,-25.01065],[-70.40793,-25.01158],[-70.41939,-25.01272],[-70.42022,-25.0134],[-70.42174,-25.01678],[-70.42315,-25.01812],[-70.42428,-25.01852],[-70.42621,-25.0183],[-70.42788,-25.01903],[-70.42968,-25.01866],[-70.43171,-25.01904],[-70.43583,-25.01524],[-70.43824,-25.01601],[-70.4406,-25.0158],[-70.44409,-25.01657],[-70.4454,-25.0176],[-70.44652,-25.02053],[-70.45028,-25.02279],[-70.45364,-25.02831],[-70.45495,-25.02935],[-70.45591,-25.02795],[-70.45754,-25.02737],[-70.45848,-25.02232],[-70.45815,-25.01969],[-70.46057,-25.01113],[-70.461,-25.00477],[-70.4607,-25.00302],[-70.46132,-25.00234],[-70.4626,-25.00259],[-70.46218,-25.0053],[-70.46384,-25.01089],[-70.46436,-25.01473],[-70.4636,-25.0203],[-70.46378,-25.02365],[-70.46468,-25.02556],[-70.4689,-25.02998],[-70.46951,-25.03208],[-70.46951,-25.0392],[-70.47763,-25.05483],[-70.4824,-25.06904],[-70.49465,-25.08695],[-70.49703,-25.09098],[-70.49758,-25.09392],[-70.4963,-25.09926],[-70.49619,-25.10464],[-70.49364,-25.10907],[-70.49213,-25.10997],[-70.4847,-25.11028],[-70.4825,-25.11121],[-70.46319,-25.13373],[-70.45189,-25.15918],[-70.4374,-25.18413],[-70.43319,-25.19969],[-70.43345,-25.20069],[-70.43659,-25.20507],[-70.43726,-25.20798],[-70.43749,-25.21423],[-70.43928,-25.22155],[-70.43894,-25.22331],[-70.43721,-25.22536],[-70.43674,-25.22661],[-70.43691,-25.23912],[-70.43413,-25.24189],[-70.43393,-25.2431],[-70.43215,-25.24612],[-70.43335,-25.25437],[-70.43292,-25.25665],[-70.43648,-25.26251],[-70.43779,-25.26932],[-70.43937,-25.27319],[-70.44696,-25.28057],[-70.44789,-25.291],[-70.4505,-25.29793],[-70.44981,-25.30327],[-70.45083,-25.31275],[-70.4483,-25.32142],[-70.45031,-25.32493],[-70.45037,-25.32714],[-70.44986,-25.32842],[-70.44752,-25.32994],[-70.44637,-25.33192],[-70.44615,-25.33562],[-70.44496,-25.33883],[-70.44462,-25.34128],[-70.44449,-25.34405],[-70.44592,-25.34694],[-70.44627,-25.35104],[-70.44571,-25.35269],[-70.44599,-25.35421],[-70.44553,-25.3558],[-70.44595,-25.35804],[-70.44557,-25.36601],[-70.44719,-25.37145],[-70.44976,-25.37568],[-70.45011,-25.3791],[-70.45401,-25.38359],[-70.46177,-25.38779],[-70.47033,-25.3894],[-70.47233,-25.39211],[-70.47267,-25.39815],[-70.47111,-25.39923],[-70.47093,-25.40082],[-70.47141,-25.4033],[-70.47301,-25.40717],[-70.47476,-25.40916],[-70.47384,-25.41426],[-70.47171,-25.41882],[-70.45924,-25.43099],[-70.45866,-25.43238],[-70.45818,-25.43723],[-70.447,-25.44915],[-70.44471,-25.45798],[-70.44226,-25.46239],[-70.44241,-25.46806],[-70.43914,-25.47115],[-70.43967,-25.47362],[-70.43865,-25.47529],[-70.4404,-25.47756],[-70.43883,-25.48053],[-70.4355,-25.48428],[-70.43322,-25.4842],[-70.43012,-25.485],[-70.42733,-25.48658],[-70.42373,-25.48779],[-70.42332,-25.48977],[-70.4216,-25.49257],[-70.42063,-25.49672],[-70.42075,-25.49877],[-70.41878,-25.50026],[-70.41795,-25.50151],[-70.41668,-25.50607],[-70.41438,-25.50879],[-70.41036,-25.51179],[-70.40197,-25.51673],[-70.39304,-25.52737],[-70.3878,-25.53617],[-70.38609,-25.54378],[-70.3816,-25.54855],[-70.38037,-25.55242],[-70.37789,-25.55365],[-70.35813,-25.55474],[-70.35672,-25.55577],[-70.3559,-25.55833],[-70.35445,-25.56038],[-70.35617,-25.56285],[-70.37382,-25.58268],[-70.37521,-25.5861],[-70.37218,-25.60568],[-70.3591,-25.67199],[-70.35929,-25.68855],[-70.36961,-25.7472],[-70.37127,-25.78529],[-70.37185,-25.78818],[-70.38044,-25.80124],[-70.41446,-25.82907],[-70.44853,-25.86167],[-70.45009,-25.86463],[-70.4556,-25.8864],[-70.45672,-25.88855],[-70.45906,-25.89131],[-70.46217,-25.89319],[-70.48001,-25.89733],[-70.48219,-25.89927],[-70.48292,-25.90227],[-70.48282,-25.90479],[-70.48176,-25.90703],[-70.47286,-25.91599],[-70.4716,-25.91781],[-70.46738,-25.93159],[-70.46467,-25.93771],[-70.45783,-25.96181],[-70.44321,-25.98782],[-70.44049,-25.99019],[-70.42982,-25.99449],[-70.41577,-26.00128],[-70.40817,-26.01091],[-70.40687,-26.01341],[-70.40768,-26.01669],[-70.40911,-26.01838],[-70.41636,-26.02023],[-70.43649,-26.03099],[-70.43925,-26.0335],[-70.44151,-26.03774],[-70.44185,-26.04018],[-70.44122,-26.04263],[-70.43598,-26.0485],[-70.43465,-26.05269],[-70.43522,-26.05568],[-70.44056,-26.06468],[-70.44297,-26.0826],[-70.44251,-26.08584],[-70.43757,-26.09838],[-70.43743,-26.10507],[-70.43894,-26.10826],[-70.44551,-26.11518],[-70.45427,-26.13422],[-70.47195,-26.21374],[-70.477,-26.22525],[-70.48202,-26.24331],[-70.48177,-26.2456],[-70.47314,-26.27364],[-70.46355,-26.29129],[-70.46165,-26.29354],[-70.45577,-26.29747],[-70.45112,-26.30191],[-70.45036,-26.3038],[-70.45083,-26.30721],[-70.44998,-26.3084],[-70.44816,-26.30853],[-70.44266,-26.30555],[-70.44126,-26.30561],[-70.44019,-26.30626],[-70.43962,-26.30732],[-70.43965,-26.30863],[-70.44155,-26.3185],[-70.44011,-26.3196],[-70.43437,-26.31961],[-70.43293,-26.32012],[-70.43205,-26.32139],[-70.43168,-26.32545],[-70.43295,-26.32767],[-70.45946,-26.3492],[-70.47896,-26.3534],[-70.50734,-26.36386],[-70.51411,-26.36325],[-70.53096,-26.35478],[-70.53932,-26.35325],[-70.54084,-26.3521],[-70.54639,-26.3451],[-70.55685,-26.33774],[-70.55945,-26.33665],[-70.56955,-26.33396],[-70.57477,-26.33422],[-70.58082,-26.33624],[-70.58886,-26.33465],[-70.59534,-26.33466],[-70.61131,-26.33853],[-70.61126,-26.33959],[-70.61685,-26.34089],[-70.61637,-26.3416],[-70.617,-26.34631],[-70.62063,-26.34728],[-70.62033,-26.34825],[-70.62109,-26.34837],[-70.62123,-26.34791]]}},{"type":"Feature","properties":{"name":"Cha\u00f1aral \u279c Parque Nacional Pan de Az\u00facar","mode":"car","order":27},"geometry":{"type":"LineString","coordinates":[[-70.62123,-26.34791],[-70.62138,-26.34747],[-70.62332,-26.34817],[-70.6238,-26.34684],[-70.62258,-26.34645],[-70.62086,-26.34448],[-70.62059,-26.34203],[-70.62103,-26.34118],[-70.62035,-26.34051],[-70.62145,-26.34119],[-70.6217,-26.34089],[-70.62266,-26.31897],[-70.62879,-26.29931],[-70.63314,-26.2965],[-70.63558,-26.29553],[-70.65416,-26.29625],[-70.6587,-26.2954],[-70.66019,-26.29345],[-70.65823,-26.29023],[-70.65839,-26.28822],[-70.66021,-26.2854],[-70.65912,-26.27635],[-70.65216,-26.26929],[-70.6494,-26.26741],[-70.64458,-26.26234],[-70.64375,-26.26101],[-70.64346,-26.25755],[-70.64481,-26.25457],[-70.64451,-26.24939],[-70.64747,-26.24026],[-70.6473,-26.23411],[-70.64793,-26.23143],[-70.65085,-26.22469],[-70.65272,-26.21683],[-70.65613,-26.21326],[-70.6567,-26.2111],[-70.65698,-26.20601],[-70.65653,-26.20224],[-70.65713,-26.19738],[-70.65357,-26.19089],[-70.65297,-26.18851],[-70.65363,-26.17926],[-70.65565,-26.17205],[-70.65752,-26.16902],[-70.65885,-26.16823],[-70.65819,-26.16681],[-70.65828,-26.16527],[-70.6614,-26.16266],[-70.66193,-26.15859],[-70.66403,-26.15418],[-70.66592,-26.14803],[-70.6676,-26.14426],[-70.6622,-26.14284],[-70.65876,-26.14304],[-70.65618,-26.14642],[-70.65583,-26.14811],[-70.65459,-26.14887],[-70.64032,-26.14671],[-70.63783,-26.14581]]}},{"type":"Feature","properties":{"name":"Parque Nacional Pan de Az\u00facar \u279c Calama","mode":"car","order":28},"geometry":{"type":"LineString","coordinates":[[-70.63783,-26.14581],[-70.63359,-26.1433],[-70.62795,-26.13738],[-70.62608,-26.1366],[-70.62369,-26.1346],[-70.6231,-26.13387],[-70.62297,-26.13195],[-70.62184,-26.13042],[-70.61306,-26.12978],[-70.60781,-26.12797],[-70.60299,-26.12561],[-70.59781,-26.12162],[-70.59199,-26.11832],[-70.59009,-26.11771],[-70.5841,-26.11731],[-70.57505,-26.11542],[-70.57039,-26.11358],[-70.56551,-26.1127],[-70.56202,-26.11089],[-70.55894,-26.1078],[-70.55809,-26.10583],[-70.55851,-26.10378],[-70.56078,-26.10013],[-70.56048,-26.09866],[-70.55918,-26.0975],[-70.55247,-26.09604],[-70.55007,-26.09411],[-70.54584,-26.0835],[-70.54556,-26.08186],[-70.5437,-26.08024],[-70.54309,-26.07898],[-70.53945,-26.07689],[-70.53295,-26.07439],[-70.53086,-26.07155],[-70.52143,-26.06479],[-70.51728,-26.06087],[-70.51137,-26.06052],[-70.50854,-26.05646],[-70.50018,-26.05467],[-70.49784,-26.05367],[-70.49543,-26.05173],[-70.49216,-26.04778],[-70.48717,-26.0445],[-70.48526,-26.04392],[-70.47966,-26.04445],[-70.4766,-26.04358],[-70.47287,-26.0418],[-70.46452,-26.03595],[-70.44989,-26.03443],[-70.44095,-26.03648],[-70.43891,-26.03306],[-70.43624,-26.03085],[-70.41673,-26.02041],[-70.41012,-26.01891],[-70.40817,-26.01748],[-70.40691,-26.01448],[-70.40711,-26.01253],[-70.41536,-26.00159],[-70.42982,-25.99449],[-70.44049,-25.99019],[-70.44334,-25.98763],[-70.45783,-25.96181],[-70.46467,-25.93771],[-70.46738,-25.93159],[-70.4715,-25.91804],[-70.47286,-25.91599],[-70.4819,-25.90682],[-70.48295,-25.90409],[-70.48271,-25.90072],[-70.48172,-25.89861],[-70.47971,-25.8972],[-70.4624,-25.89326],[-70.45906,-25.89131],[-70.45672,-25.88855],[-70.4556,-25.8864],[-70.45009,-25.86463],[-70.44853,-25.86167],[-70.41446,-25.82907],[-70.38044,-25.80124],[-70.37247,-25.78944],[-70.37135,-25.78623],[-70.36961,-25.7472],[-70.35929,-25.68855],[-70.3591,-25.67199],[-70.37218,-25.60568],[-70.37521,-25.5861],[-70.37382,-25.58268],[-70.35384,-25.56032],[-70.3557,-25.55869],[-70.35688,-25.55554],[-70.35813,-25.55474],[-70.37789,-25.55365],[-70.38037,-25.55242],[-70.3816,-25.54855],[-70.38609,-25.54378],[-70.3878,-25.53617],[-70.39304,-25.52737],[-70.40197,-25.51673],[-70.41036,-25.51179],[-70.41438,-25.50879],[-70.41668,-25.50607],[-70.41795,-25.50151],[-70.41878,-25.50026],[-70.42075,-25.49877],[-70.42063,-25.49672],[-70.4216,-25.49257],[-70.42332,-25.48977],[-70.42373,-25.48779],[-70.42733,-25.48658],[-70.43012,-25.485],[-70.43322,-25.4842],[-70.4355,-25.48428],[-70.43883,-25.48053],[-70.4404,-25.47756],[-70.43865,-25.47529],[-70.43967,-25.47362],[-70.43914,-25.47115],[-70.44241,-25.46806],[-70.44226,-25.46239],[-70.44471,-25.45798],[-70.447,-25.44915],[-70.45818,-25.43723],[-70.45866,-25.43238],[-70.45924,-25.43099],[-70.47171,-25.41882],[-70.47347,-25.41511],[-70.4747,-25.40922],[-70.47292,-25.40718],[-70.47131,-25.40327],[-70.47082,-25.40082],[-70.47104,-25.3992],[-70.47266,-25.39806],[-70.47228,-25.39204],[-70.47033,-25.3894],[-70.46177,-25.38779],[-70.45401,-25.38359],[-70.45003,-25.37918],[-70.44976,-25.37568],[-70.44719,-25.37145],[-70.44557,-25.36601],[-70.44595,-25.35804],[-70.44553,-25.3558],[-70.44599,-25.35421],[-70.44571,-25.35269],[-70.44627,-25.35104],[-70.44592,-25.34694],[-70.44449,-25.34405],[-70.44462,-25.34128],[-70.44496,-25.33883],[-70.44615,-25.33562],[-70.44637,-25.33192],[-70.44752,-25.32994],[-70.44986,-25.32842],[-70.45037,-25.32714],[-70.45031,-25.32493],[-70.4483,-25.32142],[-70.45083,-25.31275],[-70.44981,-25.30327],[-70.4505,-25.29793],[-70.44789,-25.291],[-70.44696,-25.28057],[-70.43937,-25.27319],[-70.43779,-25.26932],[-70.43648,-25.26251],[-70.43292,-25.25665],[-70.43335,-25.25437],[-70.43215,-25.24612],[-70.43393,-25.2431],[-70.43413,-25.24189],[-70.43691,-25.23912],[-70.43674,-25.22661],[-70.43721,-25.22536],[-70.43894,-25.22331],[-70.43928,-25.22155],[-70.43749,-25.21423],[-70.43726,-25.20798],[-70.43659,-25.20507],[-70.43345,-25.20069],[-70.43319,-25.19969],[-70.4374,-25.18413],[-70.45189,-25.15918],[-70.46319,-25.13373],[-70.4825,-25.11121],[-70.4847,-25.11028],[-70.49213,-25.10997],[-70.49364,-25.10907],[-70.49619,-25.10464],[-70.4963,-25.09926],[-70.49758,-25.09392],[-70.49703,-25.09098],[-70.49465,-25.08695],[-70.4824,-25.06904],[-70.47763,-25.05483],[-70.46951,-25.0392],[-70.46951,-25.03208],[-70.4689,-25.02998],[-70.46468,-25.02556],[-70.46378,-25.02365],[-70.4636,-25.0203],[-70.46436,-25.01473],[-70.46384,-25.01089],[-70.46218,-25.0053],[-70.46242,-25.00267],[-70.46132,-25.00244],[-70.4607,-25.00302],[-70.461,-25.00477],[-70.46057,-25.01113],[-70.45815,-25.01969],[-70.45848,-25.02232],[-70.45758,-25.02744],[-70.45595,-25.02801],[-70.45491,-25.02941],[-70.45353,-25.02826],[-70.45046,-25.02299],[-70.44667,-25.0207],[-70.4454,-25.0176],[-70.44409,-25.01657],[-70.4406,-25.0158],[-70.43824,-25.01601],[-70.43583,-25.01524],[-70.43171,-25.01904],[-70.42968,-25.01866],[-70.42788,-25.01903],[-70.42621,-25.0183],[-70.42428,-25.01852],[-70.42315,-25.01812],[-70.42174,-25.01678],[-70.42022,-25.0134],[-70.41939,-25.01272],[-70.40793,-25.01158],[-70.40682,-25.01065],[-70.4063,-25.00932],[-70.40627,-25.00382],[-70.40728,-24.99967],[-70.40641,-24.99585],[-70.40684,-24.99444],[-70.40874,-24.99188],[-70.40897,-24.99073],[-70.40847,-24.9894],[-70.4065,-24.98749],[-70.40681,-24.98454],[-70.4062,-24.98269],[-70.40496,-24.98145],[-70.40328,-24.98076],[-70.3986,-24.98147],[-70.39712,-24.98103],[-70.39387,-24.97701],[-70.39038,-24.97434],[-70.38932,-24.97282],[-70.38621,-24.97093],[-70.38457,-24.96783],[-70.38121,-24.9661],[-70.37657,-24.96457],[-70.37383,-24.96226],[-70.37314,-24.9611],[-70.37247,-24.95753],[-70.37291,-24.95596],[-70.37603,-24.95303],[-70.37795,-24.94868],[-70.38156,-24.94644],[-70.38324,-24.94284],[-70.38845,-24.93874],[-70.39163,-24.93785],[-70.39299,-24.93671],[-70.39426,-24.9317],[-70.39772,-24.92616],[-70.40103,-24.91773],[-70.40105,-24.91563],[-70.39314,-24.8619],[-70.39258,-24.85206],[-70.3932,-24.83801],[-70.39261,-24.8364],[-70.38939,-24.83217],[-70.38767,-24.82274],[-70.38109,-24.80587],[-70.37943,-24.78724],[-70.37811,-24.78002],[-70.37877,-24.77571],[-70.37732,-24.76774],[-70.37751,-24.76361],[-70.37702,-24.76093],[-70.36319,-24.72113],[-70.35232,-24.66283],[-70.35044,-24.65069],[-70.34947,-24.63461],[-70.34856,-24.63254],[-70.3442,-24.62702],[-70.34176,-24.62056],[-70.32837,-24.51905],[-70.32837,-24.51396],[-70.32728,-24.51145],[-70.32279,-24.50619],[-70.32184,-24.50383],[-70.30659,-24.41687],[-70.3068,-24.4099],[-70.3053,-24.40296],[-70.30425,-24.39168],[-70.30214,-24.38765],[-70.29911,-24.38418],[-70.29824,-24.38225],[-70.29823,-24.38019],[-70.2999,-24.37627],[-70.30003,-24.37412],[-70.29899,-24.37054],[-70.2906,-24.32695],[-70.29077,-24.31622],[-70.29221,-24.30136],[-70.29333,-24.27916],[-70.29421,-24.27095],[-70.29274,-24.25968],[-70.2945,-24.25283],[-70.29521,-24.24639],[-70.29432,-24.22348],[-70.29195,-24.21376],[-70.2914,-24.2056],[-70.29217,-24.19014],[-70.29348,-24.18712],[-70.305,-24.17187],[-70.31289,-24.16251],[-70.31473,-24.15836],[-70.31506,-24.15399],[-70.31381,-24.14947],[-70.30454,-24.13184],[-70.29497,-24.11697],[-70.29046,-24.11111],[-70.28452,-24.10046],[-70.27927,-24.08735],[-70.279,-24.07878],[-70.27817,-24.07311],[-70.27472,-24.06269],[-70.26481,-24.04742],[-70.2713,-24.04395],[-70.27285,-24.04222],[-70.2739,-24.03991],[-70.31191,-23.85936],[-70.3173,-23.77915],[-70.31643,-23.77597],[-70.30195,-23.74011],[-70.29396,-23.7165],[-70.28705,-23.70719],[-70.27701,-23.68773],[-70.26804,-23.67802],[-70.26404,-23.66821],[-70.26361,-23.66568],[-70.26105,-23.609],[-70.26098,-23.60452],[-70.26234,-23.60018],[-70.26189,-23.59781],[-70.22396,-23.52286],[-70.22034,-23.51956],[-70.21181,-23.51482],[-70.19183,-23.49072],[-70.18577,-23.48403],[-70.17062,-23.46909],[-70.15845,-23.45989],[-70.15425,-23.45724],[-70.15144,-23.4563],[-70.08932,-23.45078],[-70.07684,-23.44837],[-70.07301,-23.4485],[-70.06369,-23.45018],[-70.04134,-23.44732],[-70.0373,-23.44591],[-70.01796,-23.43453],[-69.91404,-23.36986],[-69.89594,-23.36316],[-69.86045,-23.34402],[-69.85783,-23.34144],[-69.85616,-23.33723],[-69.85494,-23.33545],[-69.84624,-23.32961],[-69.84265,-23.32865],[-69.8319,-23.32926],[-69.82906,-23.32832],[-69.82775,-23.32711],[-69.82611,-23.32404],[-69.82476,-23.32263],[-69.78453,-23.29263],[-69.7759,-23.28788],[-69.69363,-23.22385],[-69.67168,-23.21367],[-69.63539,-23.18407],[-69.61788,-23.1705],[-69.61332,-23.16562],[-69.60144,-23.15616],[-69.56899,-23.13363],[-69.56674,-23.13277],[-69.55542,-23.13038],[-69.54148,-23.12464],[-69.532,-23.11967],[-69.51927,-23.10795],[-69.51645,-23.10441],[-69.49514,-23.08371],[-69.4909,-23.07891],[-69.48575,-23.07051],[-69.4476,-23.03642],[-69.44317,-23.03362],[-69.43181,-23.02328],[-69.39198,-22.98303],[-69.37844,-22.97067],[-69.37696,-22.96858],[-69.37499,-22.96374],[-69.37025,-22.9568],[-69.33582,-22.91023],[-69.33412,-22.90893],[-69.33168,-22.90794],[-69.32094,-22.90682],[-69.31672,-22.90415],[-69.30226,-22.89049],[-69.30114,-22.88765],[-69.29927,-22.87766],[-69.29706,-22.87423],[-69.27464,-22.85975],[-69.25386,-22.84496],[-69.24446,-22.83496],[-69.2305,-22.81849],[-69.2196,-22.80002],[-69.21404,-22.78232],[-69.21359,-22.77774],[-69.2138,-22.7628],[-69.21447,-22.75992],[-69.21735,-22.75306],[-69.21756,-22.75093],[-69.2171,-22.74856],[-69.20447,-22.73006],[-69.20104,-22.7199],[-69.19419,-22.70852],[-69.17426,-22.665],[-69.17245,-22.65175],[-69.1687,-22.64338],[-69.16715,-22.64109],[-69.16435,-22.63905],[-69.14975,-22.63244],[-69.14752,-22.63184],[-69.14324,-22.63217],[-69.136,-22.63575],[-69.13366,-22.63644],[-69.13037,-22.6364],[-69.12737,-22.63533],[-69.08659,-22.6091],[-69.06975,-22.5963],[-69.04111,-22.57873],[-68.99364,-22.54499],[-68.97296,-22.5327],[-68.96838,-22.52814],[-68.9622,-22.52463],[-68.95596,-22.52287],[-68.93779,-22.51065],[-68.92716,-22.49802],[-68.9244,-22.48903],[-68.93002,-22.48203],[-68.92528,-22.46718],[-68.92652,-22.45319],[-68.92923,-22.45274],[-68.92934,-22.4544]]}},{"type":"Feature","properties":{"name":"Calama \u279c Sucre","mode":"bus","order":29},"geometry":{"type":"LineString","coordinates":[[-68.92934,-22.4544],[-68.92984,-22.45451],[-68.92984,-22.45315],[-68.92924,-22.45328],[-68.92763,-22.44523],[-68.91765,-22.44636],[-68.84035,-22.43151],[-68.7786,-22.40593],[-68.77418,-22.40507],[-68.76144,-22.40504],[-68.75186,-22.40562],[-68.73872,-22.40368],[-68.72943,-22.40479],[-68.72449,-22.40373],[-68.71472,-22.4007],[-68.71304,-22.3998],[-68.70932,-22.39637],[-68.70575,-22.39533],[-68.69451,-22.38796],[-68.69125,-22.38463],[-68.68242,-22.38042],[-68.67343,-22.3746],[-68.66717,-22.36433],[-68.66235,-22.34762],[-68.66029,-22.34312],[-68.65811,-22.34173],[-68.65205,-22.34183],[-68.65261,-22.33805],[-68.64934,-22.33762],[-68.64899,-22.33542],[-68.65002,-22.32829],[-68.64881,-22.3254],[-68.6495,-22.32411],[-68.64512,-22.31962],[-68.6451,-22.31812],[-68.6459,-22.31626],[-68.64569,-22.31432],[-68.64495,-22.31288],[-68.63799,-22.30542],[-68.63346,-22.29332],[-68.62965,-22.2869],[-68.62364,-22.27845],[-68.62055,-22.26582],[-68.61042,-22.24785],[-68.60854,-22.24127],[-68.59927,-22.22337],[-68.59416,-22.1912],[-68.5957,-22.16778],[-68.59441,-22.01388],[-68.55439,-21.95835],[-68.53435,-21.94277],[-68.53129,-21.9421],[-68.52902,-21.94314],[-68.53269,-21.93993],[-68.52605,-21.93512],[-68.51226,-21.93377],[-68.51123,-21.93313],[-68.51195,-21.92786],[-68.49319,-21.89332],[-68.49863,-21.87607],[-68.50132,-21.87185],[-68.50827,-21.84652],[-68.50817,-21.84509],[-68.50483,-21.83813],[-68.4991,-21.83332],[-68.49498,-21.83073],[-68.46006,-21.81275],[-68.45845,-21.81245],[-68.45045,-21.81367],[-68.44639,-21.80796],[-68.44031,-21.80674],[-68.42734,-21.8002],[-68.39158,-21.79628],[-68.3878,-21.79253],[-68.36416,-21.77262],[-68.34973,-21.76323],[-68.31297,-21.74802],[-68.30376,-21.74706],[-68.29429,-21.74385],[-68.28889,-21.74024],[-68.28352,-21.73585],[-68.27831,-21.72784],[-68.27224,-21.72216],[-68.27044,-21.71769],[-68.26358,-21.71279],[-68.25728,-21.70476],[-68.25047,-21.69771],[-68.25016,-21.69662],[-68.2506,-21.69465],[-68.24999,-21.69241],[-68.25022,-21.6874],[-68.25124,-21.68271],[-68.25716,-21.67283],[-68.25882,-21.67153],[-68.26189,-21.6706],[-68.26336,-21.66963],[-68.26546,-21.66697],[-68.26803,-21.66247],[-68.27264,-21.65718],[-68.2761,-21.65415],[-68.27662,-21.65204],[-68.27524,-21.64895],[-68.27536,-21.64687],[-68.28335,-21.63419],[-68.28726,-21.63048],[-68.29194,-21.62912],[-68.29311,-21.62836],[-68.30227,-21.61692],[-68.31606,-21.60445],[-68.31648,-21.60228],[-68.31467,-21.59785],[-68.31162,-21.58544],[-68.31356,-21.5704],[-68.31746,-21.55379],[-68.3184,-21.55191],[-68.32722,-21.54584],[-68.33843,-21.53636],[-68.35462,-21.53015],[-68.36114,-21.52699],[-68.36596,-21.52387],[-68.39616,-21.49884],[-68.39828,-21.49592],[-68.39881,-21.4913],[-68.39782,-21.48445],[-68.39276,-21.46536],[-68.38174,-21.4448],[-68.38181,-21.44354],[-68.38557,-21.43222],[-68.38529,-21.43118],[-68.38372,-21.42999],[-68.38009,-21.42951],[-68.37058,-21.43029],[-68.36753,-21.42884],[-68.36494,-21.42627],[-68.3638,-21.4243],[-68.36238,-21.41972],[-68.36257,-21.41752],[-68.36139,-21.41228],[-68.35724,-21.40907],[-68.35573,-21.40613],[-68.35432,-21.40454],[-68.35006,-21.4042],[-68.34835,-21.40224],[-68.34436,-21.40021],[-68.34041,-21.40029],[-68.33415,-21.39946],[-68.33061,-21.40011],[-68.32628,-21.40282],[-68.32367,-21.40213],[-68.32143,-21.40219],[-68.30849,-21.3988],[-68.30568,-21.39753],[-68.3007,-21.39252],[-68.29704,-21.38665],[-68.2964,-21.38366],[-68.29734,-21.37987],[-68.29901,-21.37666],[-68.30009,-21.3714],[-68.29709,-21.36344],[-68.29449,-21.35921],[-68.29151,-21.35614],[-68.28491,-21.35115],[-68.28399,-21.34992],[-68.28203,-21.34247],[-68.28021,-21.33866],[-68.27626,-21.32567],[-68.27273,-21.31991],[-68.27102,-21.31464],[-68.26847,-21.30313],[-68.26939,-21.29732],[-68.27007,-21.28364],[-68.26953,-21.27943],[-68.26278,-21.25827],[-68.25568,-21.23156],[-68.25251,-21.23028],[-68.24844,-21.22704],[-68.25011,-21.22324],[-68.22519,-21.21062],[-68.21943,-21.20877],[-68.2142,-21.20476],[-68.21009,-21.2078],[-68.19917,-21.21429],[-68.19523,-21.21805],[-68.18569,-21.22085],[-68.18054,-21.22397],[-68.16604,-21.22999],[-68.15495,-21.23639],[-68.14781,-21.24172],[-68.13778,-21.25242],[-68.11497,-21.27066],[-68.10802,-21.27676],[-68.10104,-21.28083],[-68.09581,-21.28516],[-68.08795,-21.28942],[-68.08299,-21.29322],[-68.06293,-21.30501],[-68.04802,-21.31603],[-68.046,-21.319],[-68.03498,-21.34757],[-68.03327,-21.35001],[-68.02805,-21.35475],[-68.02439,-21.35922],[-68.01829,-21.36376],[-68.01568,-21.36669],[-68.01389,-21.37014],[-68.00935,-21.38283],[-68.00621,-21.38655],[-68.00216,-21.3885],[-67.99395,-21.39123],[-67.98465,-21.4021],[-67.97606,-21.40867],[-67.97123,-21.41162],[-67.96663,-21.4129],[-67.95619,-21.41442],[-67.95306,-21.41458],[-67.94938,-21.41408],[-67.94722,-21.41442],[-67.94249,-21.41711],[-67.93482,-21.419],[-67.92778,-21.42364],[-67.92079,-21.42566],[-67.90782,-21.43294],[-67.8867,-21.43841],[-67.88227,-21.44053],[-67.87371,-21.44598],[-67.86956,-21.44734],[-67.86149,-21.446],[-67.85244,-21.44796],[-67.84822,-21.44754],[-67.84113,-21.44375],[-67.83626,-21.43762],[-67.82899,-21.43236],[-67.82209,-21.42443],[-67.81721,-21.42129],[-67.77335,-21.40946],[-67.76805,-21.407],[-67.76327,-21.40562],[-67.76274,-21.40332],[-67.76171,-21.4025],[-67.75795,-21.40225],[-67.75196,-21.39977],[-67.74755,-21.39892],[-67.74481,-21.39907],[-67.7296,-21.39618],[-67.72607,-21.39611],[-67.71669,-21.39292],[-67.71225,-21.39244],[-67.70691,-21.39309],[-67.69643,-21.39036],[-67.68729,-21.38912],[-67.68423,-21.38991],[-67.68193,-21.39162],[-67.68057,-21.39379],[-67.67904,-21.39905],[-67.67808,-21.40001],[-67.67682,-21.4004],[-67.66741,-21.40011],[-67.65479,-21.39768],[-67.64853,-21.39719],[-67.61767,-21.39925],[-67.60403,-21.401],[-67.59314,-21.39972],[-67.58905,-21.39793],[-67.5713,-21.38745],[-67.56656,-21.38543],[-67.55422,-21.38136],[-67.47807,-21.34375],[-67.44492,-21.33112],[-67.43497,-21.32782],[-67.42823,-21.32617],[-67.39323,-21.31967],[-67.38779,-21.31799],[-67.37552,-21.31313],[-67.34405,-21.30498],[-67.34002,-21.30339],[-67.32821,-21.29735],[-67.29751,-21.28363],[-67.2906,-21.28269],[-67.28006,-21.28288],[-67.27088,-21.28395],[-67.26847,-21.28373],[-67.25714,-21.27997],[-67.24888,-21.27824],[-67.24787,-21.27758],[-67.24717,-21.27577],[-67.24644,-21.27514],[-67.24336,-21.27492],[-67.24001,-21.27296],[-67.23338,-21.27178],[-67.2291,-21.26958],[-67.22583,-21.26641],[-67.22495,-21.26482],[-67.22391,-21.25517],[-67.2208,-21.24843],[-67.21692,-21.24207],[-67.21584,-21.23886],[-67.21488,-21.22728],[-67.21753,-21.20973],[-67.21523,-21.19893],[-67.21171,-21.19665],[-67.198,-21.18403],[-67.19267,-21.18108],[-67.18178,-21.16796],[-67.18019,-21.16729],[-67.17474,-21.16703],[-67.17263,-21.16618],[-67.17116,-21.16479],[-67.1696,-21.16228],[-67.15985,-21.15402],[-67.1579,-21.15186],[-67.14711,-21.13632],[-67.13824,-21.12262],[-67.13684,-21.12165],[-67.13354,-21.12113],[-67.13184,-21.12019],[-67.11499,-21.10107],[-67.10487,-21.09171],[-67.10322,-21.08091],[-67.10019,-21.07764],[-67.09663,-21.07575],[-67.09556,-21.07449],[-67.09405,-21.06668],[-67.08976,-21.05824],[-67.08625,-21.05004],[-67.08492,-21.0438],[-67.07283,-21.02693],[-67.06825,-21.0134],[-67.06193,-20.99882],[-67.05936,-20.99158],[-67.05551,-20.98404],[-67.04707,-20.96471],[-67.04448,-20.96168],[-67.03538,-20.95675],[-67.03135,-20.95349],[-67.02598,-20.94561],[-67.01973,-20.93843],[-67.0147,-20.92842],[-67.01004,-20.91757],[-66.99461,-20.88938],[-66.99407,-20.88717],[-66.99382,-20.87738],[-66.99291,-20.87433],[-66.9906,-20.8709],[-66.98126,-20.86093],[-66.9678,-20.83564],[-66.95607,-20.81664],[-66.95233,-20.79902],[-66.93373,-20.74269],[-66.89941,-20.67989],[-66.89856,-20.6789],[-66.86603,-20.65765],[-66.86329,-20.65327],[-66.84843,-20.61297],[-66.847,-20.58419],[-66.8249,-20.48565],[-66.82114,-20.47459],[-66.8193,-20.47253],[-66.81835,-20.47222],[-66.82037,-20.47037],[-66.81973,-20.46968],[-66.81991,-20.4692],[-66.82461,-20.46514],[-66.8149,-20.4548],[-66.79738,-20.4486],[-66.77735,-20.4368],[-66.76311,-20.43764],[-66.76218,-20.4384],[-66.76123,-20.44032],[-66.75964,-20.44128],[-66.75948,-20.44206],[-66.7601,-20.44348],[-66.75965,-20.444],[-66.75905,-20.44375],[-66.75876,-20.44264],[-66.757,-20.44028],[-66.75124,-20.44201],[-66.74776,-20.44152],[-66.74649,-20.43998],[-66.74668,-20.43509],[-66.74295,-20.42443],[-66.73654,-20.41607],[-66.73411,-20.40492],[-66.73169,-20.40387],[-66.73097,-20.40251],[-66.72717,-20.40183],[-66.72653,-20.40004],[-66.72396,-20.39868],[-66.72231,-20.39634],[-66.72142,-20.39588],[-66.7201,-20.39626],[-66.71962,-20.3986],[-66.71722,-20.399],[-66.71559,-20.40065],[-66.71288,-20.40194],[-66.71163,-20.40181],[-66.70935,-20.39982],[-66.70613,-20.40003],[-66.70542,-20.3994],[-66.70542,-20.39702],[-66.70397,-20.39572],[-66.70447,-20.39365],[-66.7035,-20.393],[-66.69973,-20.39395],[-66.69962,-20.39558],[-66.69915,-20.39617],[-66.69588,-20.39724],[-66.68919,-20.39847],[-66.68747,-20.40164],[-66.68523,-20.40378],[-66.6812,-20.40629],[-66.67712,-20.40724],[-66.67577,-20.40844],[-66.67561,-20.41024],[-66.67304,-20.41225],[-66.67105,-20.41624],[-66.66934,-20.41855],[-66.66863,-20.42045],[-66.66938,-20.42297],[-66.6692,-20.42394],[-66.66808,-20.4241],[-66.66583,-20.42302],[-66.66486,-20.42351],[-66.66466,-20.42504],[-66.66584,-20.43007],[-66.66499,-20.43299],[-66.66344,-20.43396],[-66.66064,-20.43454],[-66.65858,-20.43591],[-66.65523,-20.44257],[-66.65143,-20.44568],[-66.64544,-20.44828],[-66.64279,-20.4465],[-66.63996,-20.44672],[-66.63702,-20.44603],[-66.63505,-20.44502],[-66.63132,-20.44459],[-66.62909,-20.44317],[-66.62627,-20.44326],[-66.6241,-20.44237],[-66.6213,-20.44291],[-66.61872,-20.44267],[-66.61553,-20.44437],[-66.61362,-20.44402],[-66.61133,-20.44144],[-66.61023,-20.43829],[-66.60804,-20.43592],[-66.6065,-20.43235],[-66.6032,-20.42816],[-66.59555,-20.42489],[-66.57391,-20.40848],[-66.57276,-20.40603],[-66.57066,-20.4032],[-66.5703,-20.40074],[-66.56903,-20.3978],[-66.56299,-20.39345],[-66.55023,-20.37163],[-66.53006,-20.3393],[-66.51324,-20.32393],[-66.49315,-20.30832],[-66.49107,-20.30784],[-66.48821,-20.30987],[-66.48577,-20.31027],[-66.4752,-20.30575],[-66.47002,-20.30122],[-66.46724,-20.29733],[-66.46538,-20.29582],[-66.46194,-20.29134],[-66.46072,-20.29079],[-66.45537,-20.29067],[-66.44883,-20.28711],[-66.44479,-20.27998],[-66.44295,-20.27259],[-66.44074,-20.25599],[-66.43944,-20.25418],[-66.43669,-20.25341],[-66.43216,-20.24757],[-66.42941,-20.24547],[-66.41601,-20.24102],[-66.40817,-20.23305],[-66.40165,-20.23177],[-66.39806,-20.22951],[-66.39144,-20.22344],[-66.3857,-20.22072],[-66.3835,-20.22047],[-66.38198,-20.21961],[-66.38005,-20.21747],[-66.3761,-20.2113],[-66.37346,-20.20847],[-66.36948,-20.2077],[-66.36696,-20.20557],[-66.3638,-20.20641],[-66.36281,-20.20623],[-66.36127,-20.20443],[-66.35425,-20.19959],[-66.35165,-20.19843],[-66.34892,-20.19612],[-66.3464,-20.19048],[-66.34451,-20.18182],[-66.34753,-20.17571],[-66.34691,-20.17153],[-66.34057,-20.16843],[-66.33874,-20.16649],[-66.33313,-20.16414],[-66.33042,-20.16022],[-66.32446,-20.15718],[-66.32301,-20.157],[-66.3206,-20.1587],[-66.3183,-20.15864],[-66.31661,-20.16006],[-66.31567,-20.15989],[-66.31439,-20.15616],[-66.31441,-20.15372],[-66.31285,-20.15039],[-66.313,-20.14403],[-66.31427,-20.14231],[-66.31297,-20.13989],[-66.31111,-20.13933],[-66.30684,-20.13593],[-66.30527,-20.13351],[-66.30305,-20.13296],[-66.30105,-20.1334],[-66.29944,-20.13317],[-66.2997,-20.13391],[-66.30277,-20.13397],[-66.30311,-20.13478],[-66.29665,-20.13536],[-66.29522,-20.13665],[-66.29506,-20.13881],[-66.29071,-20.13661],[-66.28779,-20.13726],[-66.28563,-20.13639],[-66.28217,-20.1339],[-66.28127,-20.13269],[-66.27873,-20.12492],[-66.27674,-20.12186],[-66.27691,-20.12094],[-66.27803,-20.12011],[-66.27668,-20.11931],[-66.27612,-20.1176],[-66.27551,-20.11784],[-66.27519,-20.1189],[-66.274,-20.1187],[-66.27298,-20.1163],[-66.27245,-20.11644],[-66.27064,-20.11904],[-66.26874,-20.1203],[-66.26675,-20.12327],[-66.26461,-20.12384],[-66.26344,-20.12349],[-66.26184,-20.12497],[-66.26055,-20.12471],[-66.25923,-20.12142],[-66.26009,-20.11856],[-66.25965,-20.11696],[-66.26106,-20.11444],[-66.26037,-20.113],[-66.26038,-20.11129],[-66.25825,-20.11039],[-66.25755,-20.10632],[-66.25499,-20.10228],[-66.25378,-20.1027],[-66.25305,-20.10206],[-66.25174,-20.10188],[-66.25095,-20.10029],[-66.25082,-20.09666],[-66.24694,-20.09256],[-66.24393,-20.09055],[-66.24278,-20.08846],[-66.24051,-20.08801],[-66.2384,-20.08667],[-66.23556,-20.08582],[-66.23442,-20.08486],[-66.23152,-20.08522],[-66.22914,-20.08409],[-66.22688,-20.08431],[-66.22164,-20.08227],[-66.2197,-20.08079],[-66.21196,-20.08137],[-66.21032,-20.07874],[-66.2083,-20.07751],[-66.20756,-20.07553],[-66.20575,-20.07356],[-66.20391,-20.07047],[-66.20123,-20.06893],[-66.19927,-20.06849],[-66.19577,-20.06394],[-66.19097,-20.06395],[-66.18737,-20.06181],[-66.1848,-20.06269],[-66.18335,-20.06485],[-66.18228,-20.06494],[-66.17728,-20.06],[-66.17493,-20.05927],[-66.17311,-20.05791],[-66.17059,-20.05785],[-66.16647,-20.05546],[-66.16496,-20.05282],[-66.16539,-20.05044],[-66.16515,-20.04773],[-66.1672,-20.04477],[-66.16719,-20.04264],[-66.16602,-20.04141],[-66.1659,-20.04069],[-66.16764,-20.03778],[-66.16859,-20.03375],[-66.16832,-20.03064],[-66.16884,-20.02598],[-66.17265,-20.01447],[-66.17584,-20.00916],[-66.17628,-20.00617],[-66.17605,-20.00464],[-66.17484,-20.00342],[-66.17427,-20.00002],[-66.17318,-19.99818],[-66.17493,-19.99248],[-66.17478,-19.99087],[-66.17638,-19.98336],[-66.17759,-19.97433],[-66.17588,-19.96939],[-66.17574,-19.96685],[-66.17318,-19.96202],[-66.1739,-19.95783],[-66.17309,-19.95456],[-66.17517,-19.95173],[-66.17413,-19.9495],[-66.17396,-19.94775],[-66.17544,-19.94333],[-66.17346,-19.93938],[-66.17351,-19.93622],[-66.17228,-19.93265],[-66.17211,-19.92964],[-66.17026,-19.92557],[-66.17089,-19.91703],[-66.1728,-19.90894],[-66.17001,-19.90412],[-66.16785,-19.90268],[-66.16479,-19.90363],[-66.15986,-19.90263],[-66.15515,-19.90349],[-66.14961,-19.90265],[-66.1487,-19.90305],[-66.14686,-19.9054],[-66.14518,-19.90541],[-66.14406,-19.90462],[-66.14401,-19.90051],[-66.14503,-19.89747],[-66.1443,-19.89257],[-66.14374,-19.88236],[-66.14539,-19.87387],[-66.14454,-19.86887],[-66.14475,-19.86043],[-66.14345,-19.85756],[-66.14,-19.85503],[-66.12886,-19.83685],[-66.1262,-19.82832],[-66.12694,-19.8243],[-66.12472,-19.82243],[-66.12546,-19.81991],[-66.12494,-19.81804],[-66.12389,-19.81681],[-66.12102,-19.81584],[-66.11703,-19.81708],[-66.1142,-19.81644],[-66.10977,-19.81734],[-66.09922,-19.81771],[-66.09661,-19.81856],[-66.09251,-19.81842],[-66.08964,-19.81723],[-66.08678,-19.81525],[-66.08332,-19.80834],[-66.08229,-19.80756],[-66.0796,-19.80842],[-66.07729,-19.80792],[-66.07588,-19.80957],[-66.0749,-19.80985],[-66.06899,-19.80734],[-66.06272,-19.80681],[-66.05898,-19.80232],[-66.05404,-19.80067],[-66.05292,-19.79895],[-66.05219,-19.79633],[-66.04993,-19.79485],[-66.04744,-19.79194],[-66.04429,-19.79089],[-66.04131,-19.78739],[-66.03434,-19.78196],[-66.02881,-19.77934],[-66.02796,-19.77952],[-66.02548,-19.78212],[-66.0239,-19.78225],[-66.02005,-19.77973],[-66.01929,-19.77703],[-66.01684,-19.77343],[-66.00971,-19.77366],[-66.00219,-19.7723],[-65.99363,-19.76622],[-65.99181,-19.76636],[-65.98964,-19.76798],[-65.98507,-19.76852],[-65.98316,-19.77017],[-65.98166,-19.76918],[-65.97977,-19.76984],[-65.9783,-19.7686],[-65.97679,-19.76931],[-65.97461,-19.76788],[-65.97181,-19.771],[-65.97087,-19.77147],[-65.966,-19.77143],[-65.96238,-19.76931],[-65.9596,-19.77006],[-65.95475,-19.77043],[-65.95164,-19.76964],[-65.94655,-19.76697],[-65.94617,-19.76603],[-65.94666,-19.76387],[-65.94606,-19.76305],[-65.94342,-19.76138],[-65.94166,-19.76141],[-65.93668,-19.75938],[-65.93341,-19.75698],[-65.93231,-19.75551],[-65.93111,-19.75188],[-65.9247,-19.74402],[-65.92579,-19.74176],[-65.92562,-19.74103],[-65.92434,-19.74103],[-65.92068,-19.74363],[-65.92012,-19.74302],[-65.92132,-19.74253],[-65.92129,-19.74178],[-65.91695,-19.74255],[-65.91474,-19.74247],[-65.91308,-19.74137],[-65.91142,-19.74104],[-65.91094,-19.74051],[-65.91145,-19.73876],[-65.90917,-19.73795],[-65.90855,-19.73815],[-65.90811,-19.74011],[-65.90738,-19.74077],[-65.90312,-19.7385],[-65.90275,-19.73688],[-65.90361,-19.73494],[-65.90426,-19.73106],[-65.90339,-19.72889],[-65.9016,-19.7264],[-65.90232,-19.72487],[-65.90271,-19.72225],[-65.90088,-19.71975],[-65.8972,-19.71982],[-65.89361,-19.71838],[-65.89134,-19.71274],[-65.88951,-19.71157],[-65.88492,-19.71187],[-65.88218,-19.71037],[-65.88025,-19.71103],[-65.87703,-19.71096],[-65.87377,-19.71167],[-65.8726,-19.71132],[-65.87205,-19.71],[-65.87056,-19.71143],[-65.87013,-19.7109],[-65.87081,-19.70957],[-65.8702,-19.70921],[-65.8691,-19.70971],[-65.86921,-19.71083],[-65.8683,-19.71293],[-65.86716,-19.714],[-65.86738,-19.71574],[-65.86699,-19.71636],[-65.85904,-19.71468],[-65.85714,-19.71579],[-65.85592,-19.7184],[-65.85508,-19.71847],[-65.85471,-19.71679],[-65.85507,-19.71455],[-65.85485,-19.71153],[-65.85298,-19.70947],[-65.85119,-19.70441],[-65.84836,-19.69976],[-65.8468,-19.69887],[-65.84372,-19.69919],[-65.83739,-19.69384],[-65.83072,-19.6852],[-65.82562,-19.6806],[-65.82276,-19.67673],[-65.82029,-19.67435],[-65.81761,-19.67439],[-65.81325,-19.67611],[-65.81204,-19.67475],[-65.81138,-19.67326],[-65.8124,-19.67219],[-65.8112,-19.67159],[-65.81091,-19.66757],[-65.80967,-19.66626],[-65.81136,-19.66435],[-65.81155,-19.66326],[-65.8109,-19.66239],[-65.80747,-19.66039],[-65.8057,-19.65546],[-65.80563,-19.65399],[-65.80417,-19.65153],[-65.8047,-19.64967],[-65.80444,-19.64746],[-65.80342,-19.64549],[-65.80333,-19.64345],[-65.80269,-19.64235],[-65.80386,-19.641],[-65.80421,-19.6397],[-65.80105,-19.63299],[-65.80168,-19.62751],[-65.80129,-19.62317],[-65.80087,-19.62014],[-65.79952,-19.61798],[-65.79998,-19.61602],[-65.79897,-19.61346],[-65.79842,-19.60872],[-65.79789,-19.60825],[-65.7966,-19.60821],[-65.79546,-19.60995],[-65.79441,-19.60927],[-65.79296,-19.60933],[-65.79223,-19.60797],[-65.79097,-19.60855],[-65.79044,-19.60816],[-65.79165,-19.60494],[-65.78961,-19.60306],[-65.79182,-19.60047],[-65.79224,-19.59709],[-65.79124,-19.59522],[-65.78994,-19.595],[-65.78952,-19.59386],[-65.78721,-19.59315],[-65.78596,-19.59048],[-65.78658,-19.58929],[-65.78492,-19.58904],[-65.7843,-19.5885],[-65.78355,-19.58459],[-65.78464,-19.58],[-65.78407,-19.57987],[-65.7833,-19.58055],[-65.78248,-19.5821],[-65.7721,-19.5859],[-65.76917,-19.58647],[-65.76661,-19.58441],[-65.76661,-19.57953],[-65.76601,-19.5783],[-65.7664,-19.57755],[-65.7659,-19.57762],[-65.76368,-19.57554],[-65.76252,-19.57618],[-65.76106,-19.57496],[-65.75968,-19.57444],[-65.75927,-19.57469],[-65.75454,-19.57033],[-65.75089,-19.57225],[-65.74877,-19.57277],[-65.74757,-19.57172],[-65.74608,-19.57186],[-65.74674,-19.56958],[-65.74529,-19.56827],[-65.74274,-19.57039],[-65.74156,-19.56501],[-65.74205,-19.56389],[-65.74126,-19.5619],[-65.74167,-19.56019],[-65.73966,-19.55909],[-65.73826,-19.55538],[-65.73712,-19.55517],[-65.73592,-19.55584],[-65.73466,-19.55425],[-65.73342,-19.55458],[-65.73197,-19.55213],[-65.72896,-19.54972],[-65.72088,-19.54572],[-65.71331,-19.54075],[-65.7119,-19.53875],[-65.71034,-19.53089],[-65.70578,-19.52567],[-65.70439,-19.52254],[-65.69879,-19.51579],[-65.69497,-19.51272],[-65.68967,-19.51116],[-65.68837,-19.50717],[-65.68732,-19.50557],[-65.67987,-19.50005],[-65.66609,-19.49196],[-65.66101,-19.48842],[-65.65113,-19.48905],[-65.64638,-19.49263],[-65.64276,-19.49866],[-65.63223,-19.50266],[-65.62668,-19.50214],[-65.62346,-19.50352],[-65.60857,-19.49943],[-65.60626,-19.50091],[-65.60268,-19.50099],[-65.59562,-19.50351],[-65.59062,-19.50666],[-65.58994,-19.50821],[-65.58867,-19.50936],[-65.58482,-19.51002],[-65.58038,-19.50955],[-65.57293,-19.51139],[-65.5678,-19.5149],[-65.56402,-19.52059],[-65.56294,-19.52288],[-65.56369,-19.52488],[-65.56109,-19.53148],[-65.55878,-19.53371],[-65.55297,-19.53721],[-65.54801,-19.54411],[-65.54708,-19.54724],[-65.54463,-19.54973],[-65.54351,-19.55003],[-65.53894,-19.54894],[-65.53755,-19.55065],[-65.53493,-19.55022],[-65.525,-19.55518],[-65.52162,-19.55462],[-65.51713,-19.55559],[-65.51513,-19.55857],[-65.51306,-19.55922],[-65.51171,-19.56207],[-65.50871,-19.56291],[-65.50683,-19.56479],[-65.50406,-19.56619],[-65.50096,-19.56962],[-65.49805,-19.56998],[-65.49583,-19.57177],[-65.48987,-19.56966],[-65.48863,-19.56854],[-65.48718,-19.5682],[-65.48434,-19.56572],[-65.48236,-19.56505],[-65.47891,-19.56558],[-65.47709,-19.56722],[-65.47564,-19.56733],[-65.47435,-19.56495],[-65.47419,-19.5615],[-65.47099,-19.56134],[-65.46917,-19.56037],[-65.46829,-19.55939],[-65.46857,-19.55764],[-65.46658,-19.55729],[-65.4653,-19.55632],[-65.46132,-19.55014],[-65.45965,-19.54886],[-65.45461,-19.54813],[-65.45168,-19.5505],[-65.44478,-19.55226],[-65.43888,-19.55275],[-65.43569,-19.55159],[-65.43395,-19.55186],[-65.43269,-19.55268],[-65.4313,-19.55495],[-65.42764,-19.556],[-65.42609,-19.55716],[-65.42387,-19.56079],[-65.42316,-19.56499],[-65.42142,-19.56807],[-65.4194,-19.56967],[-65.41777,-19.57413],[-65.41667,-19.57542],[-65.41663,-19.57691],[-65.41496,-19.57975],[-65.41491,-19.58325],[-65.4157,-19.58489],[-65.41561,-19.58671],[-65.41423,-19.58973],[-65.41443,-19.5919],[-65.4139,-19.59465],[-65.40977,-19.5994],[-65.40527,-19.60096],[-65.40435,-19.60399],[-65.40246,-19.604],[-65.40141,-19.6028],[-65.40073,-19.60268],[-65.39859,-19.60463],[-65.39405,-19.60715],[-65.39192,-19.60651],[-65.39008,-19.60729],[-65.38793,-19.61036],[-65.38595,-19.61158],[-65.38499,-19.61358],[-65.38177,-19.6168],[-65.37082,-19.61724],[-65.36253,-19.61936],[-65.35957,-19.61932],[-65.35573,-19.61856],[-65.3516,-19.61924],[-65.3477,-19.6189],[-65.33777,-19.61467],[-65.33581,-19.6133],[-65.31974,-19.59805],[-65.31505,-19.59205],[-65.3066,-19.59074],[-65.29597,-19.59005],[-65.2871,-19.59024],[-65.27708,-19.58964],[-65.27249,-19.58816],[-65.26955,-19.58632],[-65.26814,-19.5843],[-65.26752,-19.58196],[-65.26853,-19.57663],[-65.27036,-19.57317],[-65.27101,-19.57074],[-65.27095,-19.56886],[-65.26888,-19.56092],[-65.27,-19.55356],[-65.26963,-19.55215],[-65.2683,-19.55032],[-65.26661,-19.54956],[-65.2602,-19.54939],[-65.25648,-19.55144],[-65.25398,-19.55031],[-65.25311,-19.54842],[-65.25083,-19.54857],[-65.24901,-19.54659],[-65.24847,-19.54379],[-65.24731,-19.54253],[-65.2466,-19.54068],[-65.24653,-19.53915],[-65.24721,-19.53726],[-65.24564,-19.53666],[-65.24513,-19.53294],[-65.24377,-19.53284],[-65.24293,-19.53402],[-65.24302,-19.53531],[-65.24225,-19.53506],[-65.24289,-19.53258],[-65.24259,-19.53043],[-65.24325,-19.53025],[-65.24435,-19.53124],[-65.24634,-19.53073],[-65.24603,-19.53023],[-65.24483,-19.5305],[-65.24439,-19.53016],[-65.24433,-19.52576],[-65.24347,-19.52578],[-65.242,-19.52752],[-65.24026,-19.52825],[-65.23917,-19.53066],[-65.2373,-19.52982],[-65.23468,-19.52971],[-65.23366,-19.52767],[-65.23333,-19.52597],[-65.23365,-19.52464],[-65.23292,-19.52437],[-65.23087,-19.52605],[-65.2303,-19.52602],[-65.22953,-19.52157],[-65.22723,-19.52006],[-65.22587,-19.51804],[-65.2228,-19.51596],[-65.22203,-19.51427],[-65.22076,-19.51297],[-65.2208,-19.51002],[-65.21922,-19.50587],[-65.21832,-19.5059],[-65.21731,-19.50501],[-65.21773,-19.50338],[-65.21638,-19.50198],[-65.21711,-19.4991],[-65.21532,-19.49735],[-65.21441,-19.49306],[-65.21461,-19.48868],[-65.21569,-19.48441],[-65.21574,-19.4804],[-65.21762,-19.47659],[-65.2172,-19.475],[-65.21534,-19.47247],[-65.21494,-19.47077],[-65.21097,-19.46378],[-65.208,-19.46298],[-65.20582,-19.46296],[-65.20322,-19.45962],[-65.20018,-19.45848],[-65.19917,-19.45755],[-65.197,-19.45376],[-65.19474,-19.44792],[-65.19486,-19.44712],[-65.19637,-19.44595],[-65.19731,-19.44236],[-65.19542,-19.44065],[-65.19445,-19.43871],[-65.19259,-19.43718],[-65.19146,-19.43374],[-65.18314,-19.43257],[-65.1806,-19.42988],[-65.18096,-19.42845],[-65.18232,-19.42745],[-65.18679,-19.42202],[-65.18773,-19.41697],[-65.19041,-19.41293],[-65.19128,-19.40894],[-65.19076,-19.4026],[-65.19239,-19.39784],[-65.18954,-19.39332],[-65.18879,-19.38977],[-65.18998,-19.3858],[-65.18869,-19.37868],[-65.18917,-19.37658],[-65.18888,-19.37431],[-65.18926,-19.37053],[-65.18821,-19.3684],[-65.18513,-19.36534],[-65.1838,-19.36195],[-65.17768,-19.3568],[-65.17693,-19.35689],[-65.17424,-19.35919],[-65.17336,-19.35895],[-65.17167,-19.35744],[-65.1695,-19.35821],[-65.1673,-19.3579],[-65.16648,-19.35107],[-65.16463,-19.34682],[-65.16336,-19.34551],[-65.16383,-19.34355],[-65.1628,-19.33804],[-65.16164,-19.33644],[-65.16141,-19.33348],[-65.16315,-19.33013],[-65.16698,-19.32965],[-65.16843,-19.3286],[-65.16943,-19.3271],[-65.16916,-19.3252],[-65.16817,-19.32412],[-65.16832,-19.32118],[-65.17032,-19.31666],[-65.17214,-19.31519],[-65.17184,-19.3129],[-65.17049,-19.31127],[-65.17014,-19.30786],[-65.17058,-19.30568],[-65.1697,-19.30287],[-65.17044,-19.29461],[-65.16802,-19.28959],[-65.16713,-19.28603],[-65.1673,-19.284],[-65.16988,-19.28105],[-65.17184,-19.27674],[-65.17439,-19.27364],[-65.176,-19.27258],[-65.17767,-19.26995],[-65.17888,-19.26936],[-65.18196,-19.26587],[-65.18145,-19.26243],[-65.1824,-19.26095],[-65.18184,-19.25924],[-65.1829,-19.25519],[-65.1826,-19.25343],[-65.18344,-19.25106],[-65.18425,-19.25013],[-65.18466,-19.24798],[-65.18591,-19.24639],[-65.18867,-19.24666],[-65.19078,-19.24614],[-65.19002,-19.2443],[-65.19059,-19.24297],[-65.19041,-19.24183],[-65.19111,-19.24039],[-65.19219,-19.23992],[-65.1929,-19.23822],[-65.19418,-19.23708],[-65.19598,-19.2308],[-65.19702,-19.22882],[-65.19742,-19.22607],[-65.19993,-19.22086],[-65.2029,-19.21616],[-65.20344,-19.21445],[-65.20335,-19.21174],[-65.20418,-19.2099],[-65.2047,-19.20656],[-65.20545,-19.2051],[-65.20788,-19.20337],[-65.20803,-19.20198],[-65.20908,-19.2006],[-65.20938,-19.19928],[-65.21241,-19.19506],[-65.21437,-19.18873],[-65.21552,-19.18738],[-65.21835,-19.18682],[-65.21924,-19.18478],[-65.2241,-19.18164],[-65.22449,-19.18075],[-65.22397,-19.17932],[-65.22526,-19.17662],[-65.22773,-19.17651],[-65.22879,-19.1758],[-65.23017,-19.17673],[-65.23131,-19.17651],[-65.23217,-19.17702],[-65.23419,-19.17512],[-65.23459,-19.17352],[-65.23615,-19.17206],[-65.23831,-19.17191],[-65.23888,-19.17323],[-65.23983,-19.17316],[-65.24219,-19.16732],[-65.24162,-19.16288],[-65.24223,-19.16172],[-65.24444,-19.15985],[-65.24474,-19.15792],[-65.24638,-19.15472],[-65.24937,-19.15375],[-65.25163,-19.15449],[-65.2542,-19.15341],[-65.25977,-19.15412],[-65.26099,-19.15468],[-65.26253,-19.15419],[-65.26427,-19.15564],[-65.26507,-19.15547],[-65.26518,-19.15245],[-65.26415,-19.14992],[-65.26353,-19.14545],[-65.26236,-19.14343],[-65.26039,-19.14241],[-65.26,-19.14108],[-65.26177,-19.13885],[-65.26336,-19.13512],[-65.26154,-19.13362],[-65.26155,-19.13194],[-65.26229,-19.13091],[-65.26234,-19.12678],[-65.263,-19.12568],[-65.26264,-19.12409],[-65.26382,-19.12222],[-65.26221,-19.12107],[-65.26211,-19.12024],[-65.26292,-19.11916],[-65.26299,-19.11781],[-65.2652,-19.11424],[-65.26733,-19.11338],[-65.26896,-19.11038],[-65.26897,-19.1061],[-65.26842,-19.10441],[-65.26888,-19.10234],[-65.26861,-19.09894],[-65.2691,-19.09756],[-65.26905,-19.09289],[-65.26965,-19.09217],[-65.26858,-19.08857],[-65.26924,-19.08607],[-65.26885,-19.08475],[-65.26962,-19.08284],[-65.26797,-19.08049],[-65.26988,-19.07836],[-65.27038,-19.07522],[-65.27147,-19.07377],[-65.27139,-19.07218],[-65.27265,-19.07041],[-65.27219,-19.06908],[-65.2725,-19.06182],[-65.27386,-19.05871],[-65.27016,-19.05687],[-65.26947,-19.05794],[-65.26821,-19.05812],[-65.26731,-19.05711],[-65.26725,-19.05608],[-65.26384,-19.05489],[-65.26253,-19.05507],[-65.26238,-19.05474],[-65.26386,-19.05443],[-65.26532,-19.05453],[-65.26557,-19.05391],[-65.26668,-19.05362],[-65.25415,-19.03867],[-65.25527,-19.03691],[-65.25674,-19.03589],[-65.25608,-19.03249],[-65.25615,-19.03],[-65.25734,-19.02874],[-65.2568,-19.02747],[-65.25828,-19.02357],[-65.25664,-19.01972],[-65.25722,-19.01927],[-65.26166,-19.01899],[-65.26215,-19.01899],[-65.26211,-19.01961]]}},{"type":"Feature","properties":{"name":"Sucre \u279c Santa Cruz de la Sierra","mode":"bus","order":30},"geometry":{"type":"LineString","coordinates":[[-65.26211,-19.01961],[-65.26214,-19.01908],[-65.26024,-19.01942],[-65.25961,-19.01912],[-65.25722,-19.01927],[-65.25633,-19.01983],[-65.25492,-19.0174],[-65.25226,-19.01796],[-65.25072,-19.01773],[-65.25049,-19.01663],[-65.2488,-19.01431],[-65.24781,-19.01071],[-65.24708,-19.01011],[-65.24163,-19.00802],[-65.23772,-19.00843],[-65.23326,-19.00811],[-65.2333,-19.00494],[-65.23111,-19.00579],[-65.22956,-19.00385],[-65.22905,-19.0011],[-65.23015,-18.99962],[-65.22998,-18.99882],[-65.22674,-18.99758],[-65.22484,-18.99785],[-65.22365,-18.99729],[-65.22222,-18.99832],[-65.22124,-19.00155],[-65.21927,-19.00264],[-65.21738,-19.00227],[-65.21489,-19.00306],[-65.21348,-19.00244],[-65.21338,-19.00153],[-65.21292,-19.00309],[-65.21251,-19.00322],[-65.21105,-18.99967],[-65.20976,-18.9995],[-65.20945,-18.99974],[-65.20984,-19.00128],[-65.20844,-19.00245],[-65.20422,-19.00224],[-65.20474,-19.00421],[-65.20341,-19.00503],[-65.20278,-19.00607],[-65.20381,-19.00702],[-65.20284,-19.00876],[-65.20489,-19.00819],[-65.20541,-19.00885],[-65.20654,-19.00865],[-65.20688,-19.0095],[-65.20908,-19.00987],[-65.20933,-19.0107],[-65.20783,-19.01135],[-65.20957,-19.01316],[-65.20943,-19.01367],[-65.20832,-19.01329],[-65.20755,-19.01433],[-65.20669,-19.01462],[-65.20376,-19.01426],[-65.19751,-19.0169],[-65.19382,-19.01675],[-65.1927,-19.01761],[-65.19173,-19.01772],[-65.18895,-19.01709],[-65.18778,-19.01519],[-65.18662,-19.01483],[-65.18479,-19.01293],[-65.18423,-19.00975],[-65.18272,-19.00857],[-65.18256,-19.00289],[-65.1801,-19.00705],[-65.17912,-19.00726],[-65.17816,-19.00881],[-65.177,-19.00929],[-65.17683,-19.00894],[-65.17791,-19.00835],[-65.17843,-19.00661],[-65.1765,-19.00673],[-65.17484,-19.00615],[-65.17433,-19.00542],[-65.17324,-19.00526],[-65.17433,-19.00383],[-65.17223,-19.00302],[-65.17203,-19.00216],[-65.17311,-19.00119],[-65.17094,-19.0022],[-65.17062,-19.00289],[-65.16939,-19.00065],[-65.16841,-19.00046],[-65.16995,-18.99825],[-65.1701,-18.99667],[-65.16938,-18.99609],[-65.17058,-18.99469],[-65.17071,-18.98959],[-65.17029,-18.98959],[-65.17026,-18.99029],[-65.16981,-18.99],[-65.17043,-18.98785],[-65.16995,-18.98784],[-65.16867,-18.99034],[-65.16805,-18.98495],[-65.16672,-18.98393],[-65.16562,-18.98111],[-65.16516,-18.98091],[-65.16434,-18.98156],[-65.16301,-18.9806],[-65.1638,-18.97813],[-65.16347,-18.9767],[-65.16429,-18.97536],[-65.16253,-18.97475],[-65.16187,-18.97386],[-65.1583,-18.97481],[-65.15628,-18.974],[-65.15492,-18.97244],[-65.15346,-18.97164],[-65.15204,-18.96837],[-65.15235,-18.96498],[-65.15177,-18.96444],[-65.14998,-18.96423],[-65.1501,-18.96251],[-65.14893,-18.96104],[-65.14942,-18.95969],[-65.14909,-18.95802],[-65.14512,-18.95695],[-65.14488,-18.95429],[-65.14344,-18.95159],[-65.14254,-18.95118],[-65.14152,-18.95296],[-65.14059,-18.95341],[-65.1384,-18.95326],[-65.13745,-18.95174],[-65.13623,-18.95123],[-65.13275,-18.9518],[-65.1298,-18.95133],[-65.12817,-18.95244],[-65.12486,-18.95302],[-65.12273,-18.95278],[-65.12109,-18.95068],[-65.11875,-18.94595],[-65.11801,-18.93863],[-65.1152,-18.93855],[-65.11451,-18.93792],[-65.11472,-18.93596],[-65.11788,-18.9344],[-65.11833,-18.93254],[-65.11958,-18.93074],[-65.11955,-18.9291],[-65.11855,-18.92797],[-65.11895,-18.92376],[-65.11783,-18.92278],[-65.11772,-18.92193],[-65.11674,-18.92183],[-65.11608,-18.9197],[-65.11457,-18.91892],[-65.11544,-18.91812],[-65.11695,-18.9183],[-65.11739,-18.9178],[-65.11571,-18.91458],[-65.11586,-18.9129],[-65.11343,-18.90548],[-65.11393,-18.90394],[-65.11422,-18.89914],[-65.1118,-18.89831],[-65.11127,-18.89579],[-65.11243,-18.89351],[-65.11178,-18.89027],[-65.11764,-18.88566],[-65.11958,-18.88571],[-65.11983,-18.88436],[-65.11915,-18.88355],[-65.11866,-18.88164],[-65.12032,-18.88036],[-65.12141,-18.87852],[-65.12245,-18.87814],[-65.12461,-18.87584],[-65.12806,-18.87371],[-65.13107,-18.87364],[-65.13675,-18.8693],[-65.13913,-18.86581],[-65.13985,-18.86255],[-65.14142,-18.85937],[-65.14415,-18.85594],[-65.14185,-18.85452],[-65.14061,-18.85145],[-65.13763,-18.84958],[-65.13615,-18.84691],[-65.13447,-18.847],[-65.13299,-18.8454],[-65.13191,-18.84536],[-65.13064,-18.84609],[-65.12841,-18.84586],[-65.12706,-18.84492],[-65.12669,-18.84016],[-65.12814,-18.83868],[-65.12832,-18.83674],[-65.1276,-18.83648],[-65.12508,-18.8371],[-65.12254,-18.83267],[-65.1212,-18.83171],[-65.12197,-18.82841],[-65.1207,-18.82814],[-65.11945,-18.82673],[-65.11992,-18.82511],[-65.11951,-18.82],[-65.1205,-18.81803],[-65.12032,-18.81691],[-65.12168,-18.81677],[-65.1231,-18.81478],[-65.12438,-18.81402],[-65.12535,-18.8126],[-65.12565,-18.81038],[-65.12735,-18.80945],[-65.12785,-18.80858],[-65.12736,-18.80709],[-65.1277,-18.80271],[-65.1272,-18.79978],[-65.12581,-18.79794],[-65.12423,-18.79377],[-65.12247,-18.79281],[-65.12147,-18.79155],[-65.11787,-18.79],[-65.11755,-18.78901],[-65.11948,-18.78682],[-65.12085,-18.78682],[-65.12059,-18.78405],[-65.12302,-18.78328],[-65.12678,-18.78102],[-65.1278,-18.77881],[-65.12791,-18.777],[-65.1273,-18.77488],[-65.12901,-18.76826],[-65.12811,-18.76468],[-65.12859,-18.76398],[-65.13226,-18.76186],[-65.13258,-18.76086],[-65.13212,-18.75949],[-65.13403,-18.75986],[-65.13618,-18.75705],[-65.13774,-18.7559],[-65.13863,-18.75341],[-65.13812,-18.7522],[-65.13808,-18.7491],[-65.14007,-18.74859],[-65.14034,-18.74766],[-65.14198,-18.74617],[-65.14202,-18.74465],[-65.14414,-18.7425],[-65.14539,-18.74008],[-65.14821,-18.73905],[-65.14913,-18.73738],[-65.15068,-18.73732],[-65.15173,-18.7363],[-65.1516,-18.73465],[-65.15292,-18.73496],[-65.15515,-18.73463],[-65.15609,-18.73367],[-65.15638,-18.73228],[-65.15912,-18.73144],[-65.15833,-18.72967],[-65.15943,-18.72622],[-65.15932,-18.72471],[-65.15639,-18.72046],[-65.157,-18.71898],[-65.16546,-18.71505],[-65.16665,-18.71359],[-65.16635,-18.71269],[-65.16681,-18.711],[-65.16634,-18.70984],[-65.16684,-18.70787],[-65.16827,-18.70685],[-65.16815,-18.70502],[-65.16884,-18.70187],[-65.16857,-18.69959],[-65.16946,-18.6975],[-65.16787,-18.69154],[-65.17067,-18.69021],[-65.17173,-18.68657],[-65.17078,-18.68331],[-65.17121,-18.67559],[-65.17094,-18.67476],[-65.1696,-18.67361],[-65.17049,-18.67156],[-65.17024,-18.66974],[-65.16747,-18.66619],[-65.16728,-18.66396],[-65.16997,-18.66024],[-65.17136,-18.66024],[-65.17391,-18.65866],[-65.17377,-18.65808],[-65.17222,-18.65752],[-65.17212,-18.65692],[-65.17344,-18.65485],[-65.1739,-18.65205],[-65.17601,-18.65173],[-65.1764,-18.65011],[-65.17794,-18.6475],[-65.17773,-18.64682],[-65.17641,-18.64651],[-65.17664,-18.64532],[-65.17581,-18.64421],[-65.17638,-18.64291],[-65.1765,-18.63738],[-65.17806,-18.6366],[-65.17924,-18.63499],[-65.18139,-18.63379],[-65.18112,-18.63072],[-65.18137,-18.62941],[-65.18209,-18.62861],[-65.18224,-18.62641],[-65.18453,-18.62612],[-65.18468,-18.6248],[-65.18417,-18.62386],[-65.18578,-18.62145],[-65.18539,-18.62059],[-65.18421,-18.62014],[-65.1836,-18.6191],[-65.18203,-18.62022],[-65.18144,-18.62141],[-65.17894,-18.62188],[-65.17754,-18.6232],[-65.17694,-18.62315],[-65.17619,-18.62187],[-65.17427,-18.62203],[-65.17424,-18.62033],[-65.17311,-18.61932],[-65.17271,-18.61795],[-65.16962,-18.61486],[-65.16598,-18.61346],[-65.16432,-18.6108],[-65.16312,-18.61042],[-65.16028,-18.61231],[-65.15813,-18.61183],[-65.15638,-18.61238],[-65.15495,-18.61058],[-65.15474,-18.60891],[-65.15317,-18.60781],[-65.15255,-18.60659],[-65.15102,-18.60515],[-65.14902,-18.60535],[-65.14862,-18.60433],[-65.14887,-18.60355],[-65.15066,-18.60235],[-65.15931,-18.58531],[-65.16353,-18.57955],[-65.16421,-18.57715],[-65.16858,-18.57353],[-65.17077,-18.5707],[-65.17024,-18.56705],[-65.17193,-18.56343],[-65.17161,-18.55892],[-65.17343,-18.55084],[-65.17231,-18.54399],[-65.17335,-18.54136],[-65.17124,-18.53846],[-65.17289,-18.52544],[-65.17137,-18.52089],[-65.17355,-18.51916],[-65.17408,-18.51778],[-65.17564,-18.51669],[-65.1764,-18.51501],[-65.17914,-18.51577],[-65.18168,-18.51381],[-65.18187,-18.51138],[-65.18087,-18.50902],[-65.18109,-18.5075],[-65.18617,-18.49819],[-65.19133,-18.49327],[-65.19503,-18.48617],[-65.19467,-18.48336],[-65.19533,-18.48213],[-65.1964,-18.47705],[-65.19995,-18.46945],[-65.2023,-18.45654],[-65.2057,-18.45019],[-65.21043,-18.44376],[-65.2125,-18.43325],[-65.21738,-18.4217],[-65.219,-18.41388],[-65.21849,-18.40799],[-65.21922,-18.40617],[-65.21884,-18.40018],[-65.21994,-18.39523],[-65.22012,-18.39215],[-65.2216,-18.38798],[-65.22614,-18.38203],[-65.22843,-18.3806],[-65.22618,-18.3768],[-65.22602,-18.37261],[-65.22787,-18.36915],[-65.23037,-18.36202],[-65.22839,-18.35508],[-65.22844,-18.34981],[-65.22726,-18.34862],[-65.22636,-18.34671],[-65.22758,-18.34441],[-65.22717,-18.34004],[-65.22836,-18.33542],[-65.22833,-18.33223],[-65.22878,-18.3311],[-65.22819,-18.3258],[-65.22854,-18.32391],[-65.22566,-18.31779],[-65.22504,-18.31461],[-65.22396,-18.31233],[-65.22207,-18.30289],[-65.22231,-18.29913],[-65.22325,-18.29673],[-65.22346,-18.29267],[-65.22446,-18.28937],[-65.22297,-18.28681],[-65.21969,-18.28457],[-65.21767,-18.28142],[-65.21801,-18.27982],[-65.21726,-18.27697],[-65.21815,-18.27351],[-65.2175,-18.27182],[-65.21832,-18.27029],[-65.21624,-18.26728],[-65.21472,-18.26656],[-65.21425,-18.26202],[-65.21508,-18.25792],[-65.2183,-18.25303],[-65.21644,-18.24849],[-65.2164,-18.24638],[-65.21694,-18.24515],[-65.21632,-18.24266],[-65.21313,-18.23835],[-65.21111,-18.23775],[-65.21008,-18.23687],[-65.20557,-18.23783],[-65.20406,-18.23777],[-65.20338,-18.23701],[-65.20317,-18.23549],[-65.20428,-18.23354],[-65.20461,-18.2302],[-65.20281,-18.22612],[-65.2027,-18.22452],[-65.19886,-18.21957],[-65.19649,-18.21837],[-65.19598,-18.21684],[-65.19439,-18.21522],[-65.1941,-18.2129],[-65.195,-18.21118],[-65.19359,-18.2096],[-65.19222,-18.1956],[-65.18792,-18.19219],[-65.18554,-18.19313],[-65.18413,-18.19463],[-65.18021,-18.19521],[-65.17864,-18.19643],[-65.17774,-18.19621],[-65.17488,-18.18887],[-65.17603,-18.18339],[-65.1773,-18.18091],[-65.17667,-18.17626],[-65.17521,-18.1747],[-65.17348,-18.17402],[-65.16935,-18.17448],[-65.16972,-18.17313],[-65.1692,-18.17169],[-65.1698,-18.17044],[-65.16844,-18.16883],[-65.16799,-18.164],[-65.16703,-18.16148],[-65.16707,-18.16025],[-65.1664,-18.15992],[-65.165,-18.16038],[-65.1628,-18.15885],[-65.16099,-18.159],[-65.16066,-18.15633],[-65.15721,-18.15737],[-65.15398,-18.15671],[-65.14797,-18.15699],[-65.14324,-18.15951],[-65.13567,-18.16139],[-65.13166,-18.16597],[-65.1295,-18.16649],[-65.12524,-18.17287],[-65.12351,-18.17467],[-65.11735,-18.17773],[-65.11516,-18.17969],[-65.1134,-18.18051],[-65.10801,-18.18824],[-65.10625,-18.18954],[-65.10349,-18.19033],[-65.10244,-18.19468],[-65.10332,-18.19669],[-65.10127,-18.19545],[-65.10145,-18.19386],[-65.10055,-18.19222],[-65.10106,-18.19109],[-65.10036,-18.19074],[-65.10083,-18.1899],[-65.10022,-18.18884],[-65.0998,-18.18899],[-65.10037,-18.1899],[-65.09987,-18.19158],[-65.09832,-18.19152],[-65.0963,-18.19026],[-65.09289,-18.19064],[-65.09134,-18.18889],[-65.09131,-18.18732],[-65.09041,-18.18807],[-65.08956,-18.18782],[-65.08956,-18.18585],[-65.08893,-18.18695],[-65.08633,-18.18713],[-65.08531,-18.1883],[-65.08392,-18.18839],[-65.08398,-18.18917],[-65.08336,-18.18963],[-65.08091,-18.18876],[-65.07835,-18.19069],[-65.07787,-18.19162],[-65.07701,-18.19179],[-65.07613,-18.19129],[-65.07315,-18.19281],[-65.07275,-18.19342],[-65.07291,-18.19457],[-65.07223,-18.19507],[-65.06988,-18.19546],[-65.0682,-18.19496],[-65.06534,-18.19297],[-65.0641,-18.19312],[-65.06453,-18.19194],[-65.06581,-18.19193],[-65.06555,-18.19146],[-65.06431,-18.19144],[-65.06252,-18.19314],[-65.06105,-18.19333],[-65.05967,-18.19505],[-65.05859,-18.19439],[-65.05743,-18.19441],[-65.05428,-18.19273],[-65.05356,-18.19278],[-65.0478,-18.19819],[-65.04671,-18.19975],[-65.04365,-18.20231],[-65.0413,-18.20264],[-65.03904,-18.20545],[-65.03575,-18.20527],[-65.03414,-18.20609],[-65.03263,-18.20612],[-65.03019,-18.2081],[-65.03011,-18.20657],[-65.02879,-18.20522],[-65.028,-18.20518],[-65.02546,-18.20656],[-65.02465,-18.20515],[-65.02133,-18.20799],[-65.01612,-18.20937],[-65.01256,-18.21182],[-65.00983,-18.21189],[-65.00723,-18.21114],[-65.00485,-18.20918],[-65.00386,-18.20603],[-65.00387,-18.2038],[-65.00304,-18.20279],[-65.00202,-18.20286],[-65.00056,-18.20412],[-64.99886,-18.20479],[-64.99577,-18.20418],[-64.99157,-18.20416],[-64.98846,-18.20487],[-64.98724,-18.20414],[-64.9861,-18.20479],[-64.98455,-18.20408],[-64.98324,-18.20437],[-64.97901,-18.20351],[-64.97704,-18.20384],[-64.97366,-18.20201],[-64.97198,-18.20005],[-64.96778,-18.20008],[-64.96544,-18.20116],[-64.96398,-18.20047],[-64.96143,-18.20048],[-64.96109,-18.19968],[-64.96174,-18.19603],[-64.96363,-18.19148],[-64.96361,-18.18902],[-64.96299,-18.18816],[-64.96147,-18.18845],[-64.95969,-18.188],[-64.95795,-18.18868],[-64.95458,-18.1881],[-64.95314,-18.18983],[-64.95175,-18.1899],[-64.94983,-18.18891],[-64.94856,-18.18694],[-64.94805,-18.18723],[-64.94843,-18.18813],[-64.94803,-18.18843],[-64.94656,-18.18724],[-64.94672,-18.18492],[-64.94637,-18.18471],[-64.94538,-18.18579],[-64.94135,-18.18746],[-64.93647,-18.18692],[-64.93436,-18.18731],[-64.93247,-18.18642],[-64.92976,-18.18666],[-64.92927,-18.18799],[-64.9287,-18.1883],[-64.92382,-18.18735],[-64.92194,-18.18786],[-64.91732,-18.18781],[-64.91736,-18.18837],[-64.92346,-18.1898],[-64.92216,-18.19009],[-64.9192,-18.18948],[-64.91749,-18.18989],[-64.91461,-18.18781],[-64.9139,-18.18584],[-64.91397,-18.18466],[-64.91349,-18.18571],[-64.91409,-18.18713],[-64.9138,-18.18875],[-64.91541,-18.19007],[-64.91313,-18.18909],[-64.91241,-18.18795],[-64.91211,-18.18835],[-64.91321,-18.18978],[-64.9129,-18.19007],[-64.91085,-18.18885],[-64.91041,-18.18667],[-64.90855,-18.18721],[-64.90789,-18.18698],[-64.90716,-18.18423],[-64.90645,-18.18344],[-64.9045,-18.18361],[-64.9035,-18.18301],[-64.90282,-18.18417],[-64.90196,-18.18385],[-64.90151,-18.1822],[-64.90032,-18.18096],[-64.89908,-18.18047],[-64.8999,-18.1793],[-64.89955,-18.17872],[-64.89645,-18.17851],[-64.89544,-18.17792],[-64.88689,-18.17617],[-64.87482,-18.17219],[-64.8712,-18.17335],[-64.8652,-18.17145],[-64.86412,-18.17203],[-64.86286,-18.1736],[-64.86192,-18.17149],[-64.85677,-18.16869],[-64.85384,-18.16886],[-64.85031,-18.17101],[-64.84947,-18.16897],[-64.84954,-18.16518],[-64.84748,-18.16333],[-64.84747,-18.16198],[-64.84687,-18.16236],[-64.84623,-18.16444],[-64.84552,-18.16418],[-64.84436,-18.16226],[-64.84218,-18.15634],[-64.8428,-18.15327],[-64.84046,-18.15086],[-64.84022,-18.14824],[-64.84013,-18.14498],[-64.84158,-18.14245],[-64.83914,-18.14053],[-64.83878,-18.13819],[-64.83825,-18.13777],[-64.83442,-18.13657],[-64.83203,-18.13731],[-64.8306,-18.13993],[-64.82851,-18.13853],[-64.8273,-18.13985],[-64.82497,-18.14096],[-64.82412,-18.14084],[-64.82141,-18.13831],[-64.82063,-18.13382],[-64.82145,-18.13071],[-64.81962,-18.13065],[-64.81664,-18.12909],[-64.81305,-18.12844],[-64.81103,-18.12856],[-64.80698,-18.12688],[-64.8058,-18.12551],[-64.80394,-18.12475],[-64.79723,-18.12568],[-64.79378,-18.12465],[-64.79036,-18.12456],[-64.78822,-18.12518],[-64.78676,-18.12474],[-64.78503,-18.12591],[-64.78336,-18.12519],[-64.78108,-18.12528],[-64.77977,-18.12393],[-64.77901,-18.1252],[-64.77747,-18.125],[-64.77511,-18.12628],[-64.77336,-18.12638],[-64.76981,-18.12888],[-64.76827,-18.12888],[-64.76632,-18.13002],[-64.76531,-18.12981],[-64.76479,-18.1287],[-64.76494,-18.12709],[-64.76309,-18.12121],[-64.76369,-18.11906],[-64.76288,-18.11883],[-64.76117,-18.12034],[-64.76051,-18.12008],[-64.76413,-18.11667],[-64.76537,-18.11432],[-64.76201,-18.10668],[-64.76223,-18.10212],[-64.76309,-18.09995],[-64.76252,-18.09839],[-64.76277,-18.09673],[-64.76141,-18.09355],[-64.76062,-18.09314],[-64.75441,-18.09281],[-64.752,-18.09147],[-64.75055,-18.09231],[-64.75011,-18.09088],[-64.74937,-18.09061],[-64.74824,-18.09063],[-64.74792,-18.09166],[-64.74744,-18.09176],[-64.74641,-18.09054],[-64.74642,-18.08791],[-64.74281,-18.08512],[-64.74159,-18.08519],[-64.73542,-18.08836],[-64.73492,-18.08563],[-64.73117,-18.08485],[-64.7298,-18.08292],[-64.73104,-18.08048],[-64.72998,-18.07902],[-64.7305,-18.07722],[-64.72998,-18.07639],[-64.72588,-18.07692],[-64.72252,-18.08027],[-64.72097,-18.08119],[-64.71753,-18.0819],[-64.71478,-18.08189],[-64.71033,-18.0848],[-64.70776,-18.08561],[-64.69881,-18.09282],[-64.698,-18.0929],[-64.69568,-18.09188],[-64.69439,-18.09219],[-64.69306,-18.09401],[-64.69267,-18.09639],[-64.69155,-18.09821],[-64.68922,-18.09912],[-64.68623,-18.09926],[-64.68263,-18.09865],[-64.68037,-18.10048],[-64.67796,-18.10107],[-64.67043,-18.0997],[-64.6658,-18.10263],[-64.6617,-18.10296],[-64.65553,-18.09956],[-64.6532,-18.09958],[-64.64833,-18.09866],[-64.64578,-18.09722],[-64.64231,-18.0961],[-64.63794,-18.0963],[-64.63257,-18.09449],[-64.63053,-18.09464],[-64.62667,-18.09301],[-64.62517,-18.0932],[-64.62427,-18.09256],[-64.62344,-18.09102],[-64.62265,-18.09175],[-64.62223,-18.09347],[-64.62141,-18.09446],[-64.61906,-18.09451],[-64.61679,-18.09314],[-64.6137,-18.09389],[-64.61005,-18.09759],[-64.61014,-18.09968],[-64.60856,-18.10258],[-64.60689,-18.10221],[-64.60228,-18.10291],[-64.60022,-18.10269],[-64.59582,-18.1006],[-64.59368,-18.10018],[-64.59087,-18.09791],[-64.58809,-18.09701],[-64.58109,-18.09918],[-64.57785,-18.09972],[-64.57542,-18.1019],[-64.57265,-18.10225],[-64.56632,-18.1059],[-64.56394,-18.10617],[-64.56139,-18.10725],[-64.56015,-18.10668],[-64.55893,-18.10433],[-64.55407,-18.10048],[-64.55173,-18.09962],[-64.55115,-18.09846],[-64.54954,-18.09861],[-64.54854,-18.09754],[-64.54432,-18.09565],[-64.54285,-18.09388],[-64.54118,-18.09376],[-64.53977,-18.09288],[-64.53876,-18.09304],[-64.53536,-18.09509],[-64.53189,-18.09788],[-64.52439,-18.09792],[-64.52132,-18.10037],[-64.51684,-18.10177],[-64.51601,-18.10242],[-64.51553,-18.10224],[-64.51579,-18.10168],[-64.51793,-18.09969],[-64.52006,-18.09858],[-64.52018,-18.09798],[-64.51537,-18.10002],[-64.51121,-18.10094],[-64.507,-18.10082],[-64.50669,-18.1002],[-64.50798,-18.10023],[-64.50805,-18.09958],[-64.50643,-18.09943],[-64.50446,-18.09843],[-64.5048,-18.09795],[-64.50599,-18.09804],[-64.506,-18.09739],[-64.50486,-18.09726],[-64.50331,-18.09801],[-64.50101,-18.09716],[-64.49873,-18.09813],[-64.49703,-18.09775],[-64.49465,-18.09806],[-64.4932,-18.09741],[-64.49048,-18.09419],[-64.48717,-18.09325],[-64.48303,-18.09456],[-64.47852,-18.09783],[-64.47431,-18.0998],[-64.4702,-18.10275],[-64.46525,-18.1037],[-64.45639,-18.10199],[-64.45391,-18.10195],[-64.44977,-18.10273],[-64.44382,-18.10462],[-64.44288,-18.10405],[-64.44195,-18.10164],[-64.43917,-18.09853],[-64.43488,-18.09657],[-64.43136,-18.0964],[-64.42817,-18.09384],[-64.42739,-18.09176],[-64.42712,-18.08816],[-64.42851,-18.0744],[-64.42713,-18.07203],[-64.42562,-18.07109],[-64.42382,-18.07075],[-64.4215,-18.07095],[-64.41911,-18.07245],[-64.41383,-18.07349],[-64.41169,-18.0728],[-64.41033,-18.07289],[-64.4076,-18.07476],[-64.40453,-18.07515],[-64.40227,-18.07736],[-64.39939,-18.07748],[-64.39302,-18.08255],[-64.38772,-18.08377],[-64.38415,-18.08342],[-64.38262,-18.08429],[-64.38222,-18.08554],[-64.3808,-18.08594],[-64.38123,-18.08826],[-64.38075,-18.08892],[-64.37998,-18.08857],[-64.3794,-18.08687],[-64.37722,-18.08592],[-64.37644,-18.08673],[-64.37761,-18.08801],[-64.3764,-18.08901],[-64.37542,-18.089],[-64.37338,-18.08779],[-64.37153,-18.08924],[-64.36812,-18.08683],[-64.36775,-18.08564],[-64.36655,-18.08535],[-64.36478,-18.08258],[-64.36187,-18.08248],[-64.36037,-18.08192],[-64.36007,-18.08228],[-64.36066,-18.08339],[-64.36038,-18.08404],[-64.35866,-18.08445],[-64.35738,-18.08391],[-64.35619,-18.08479],[-64.35415,-18.08967],[-64.35295,-18.08949],[-64.35166,-18.08749],[-64.3505,-18.08787],[-64.34918,-18.08765],[-64.34741,-18.08835],[-64.34505,-18.09176],[-64.34509,-18.09398],[-64.34395,-18.09523],[-64.34446,-18.09745],[-64.3418,-18.09823],[-64.33875,-18.1012],[-64.33774,-18.10331],[-64.33571,-18.10507],[-64.33509,-18.10504],[-64.33378,-18.10328],[-64.33089,-18.10434],[-64.32954,-18.10395],[-64.32818,-18.10453],[-64.32708,-18.10626],[-64.3257,-18.10653],[-64.32441,-18.10857],[-64.32297,-18.10889],[-64.32294,-18.11079],[-64.3209,-18.11209],[-64.32016,-18.11387],[-64.31756,-18.11332],[-64.31631,-18.11459],[-64.31409,-18.11544],[-64.31133,-18.11584],[-64.30821,-18.11545],[-64.30613,-18.11571],[-64.30519,-18.11689],[-64.30267,-18.11711],[-64.30077,-18.11954],[-64.29786,-18.12025],[-64.29709,-18.12167],[-64.296,-18.12191],[-64.29431,-18.12319],[-64.29295,-18.1246],[-64.29261,-18.12611],[-64.29137,-18.12749],[-64.28918,-18.12787],[-64.28708,-18.12886],[-64.28668,-18.13029],[-64.28446,-18.13126],[-64.28284,-18.13281],[-64.2813,-18.13644],[-64.27948,-18.13728],[-64.27896,-18.1382],[-64.27459,-18.13921],[-64.27194,-18.13902],[-64.27119,-18.13957],[-64.27073,-18.14104],[-64.26872,-18.14248],[-64.26746,-18.14418],[-64.26263,-18.14616],[-64.26155,-18.14585],[-64.26091,-18.14489],[-64.259,-18.14383],[-64.25755,-18.14105],[-64.25537,-18.14094],[-64.25374,-18.14027],[-64.25248,-18.13869],[-64.25115,-18.13899],[-64.24921,-18.13863],[-64.24848,-18.13712],[-64.2474,-18.13613],[-64.24198,-18.13401],[-64.24098,-18.13279],[-64.23907,-18.1272],[-64.23713,-18.12645],[-64.23691,-18.12459],[-64.23599,-18.12346],[-64.23118,-18.12035],[-64.22939,-18.11965],[-64.22781,-18.11977],[-64.22597,-18.11866],[-64.22105,-18.11937],[-64.21913,-18.11876],[-64.21417,-18.11492],[-64.20883,-18.10866],[-64.20471,-18.10513],[-64.20064,-18.09954],[-64.19224,-18.09596],[-64.18968,-18.09396],[-64.18643,-18.09338],[-64.18153,-18.0945],[-64.18075,-18.09392],[-64.18036,-18.0923],[-64.17871,-18.0919],[-64.17684,-18.09297],[-64.1723,-18.09305],[-64.16993,-18.09217],[-64.16802,-18.09037],[-64.16682,-18.08996],[-64.16257,-18.09027],[-64.15935,-18.09112],[-64.15519,-18.08985],[-64.15303,-18.09048],[-64.15165,-18.09198],[-64.14988,-18.09259],[-64.14526,-18.09148],[-64.14409,-18.09039],[-64.14241,-18.09213],[-64.14188,-18.09194],[-64.14151,-18.09067],[-64.14081,-18.09044],[-64.13554,-18.09224],[-64.13368,-18.09139],[-64.13095,-18.09255],[-64.12864,-18.09192],[-64.12836,-18.09022],[-64.12658,-18.09005],[-64.12509,-18.08748],[-64.12466,-18.08275],[-64.12334,-18.08067],[-64.12265,-18.07777],[-64.1195,-18.07438],[-64.11912,-18.0718],[-64.11808,-18.06916],[-64.11884,-18.06697],[-64.12046,-18.06466],[-64.12114,-18.06191],[-64.1232,-18.0604],[-64.1236,-18.05939],[-64.12268,-18.05651],[-64.12248,-18.05314],[-64.1211,-18.05065],[-64.12147,-18.04817],[-64.12037,-18.04582],[-64.11863,-18.04532],[-64.11689,-18.04347],[-64.11005,-18.04098],[-64.10892,-18.04099],[-64.10667,-18.03831],[-64.10651,-18.036],[-64.10766,-18.0306],[-64.10751,-18.02751],[-64.10941,-18.02336],[-64.1094,-18.02218],[-64.10533,-18.01529],[-64.10432,-18.01507],[-64.10329,-18.0163],[-64.10222,-18.01642],[-64.10102,-18.01528],[-64.09926,-18.01474],[-64.09806,-18.01311],[-64.09768,-18.00998],[-64.09477,-18.00597],[-64.09188,-18.00504],[-64.09161,-18.00401],[-64.09346,-17.99719],[-64.09304,-17.99544],[-64.09008,-17.99331],[-64.08847,-17.99371],[-64.08719,-17.99345],[-64.08331,-17.99472],[-64.0817,-17.99252],[-64.07945,-17.99303],[-64.07623,-17.99135],[-64.06853,-17.99611],[-64.06709,-17.99598],[-64.06499,-17.99447],[-64.05941,-17.99331],[-64.05625,-17.99182],[-64.05468,-17.99235],[-64.05365,-17.99392],[-64.05275,-17.99411],[-64.05203,-17.99355],[-64.05165,-17.99178],[-64.04966,-17.99128],[-64.04842,-17.99152],[-64.0476,-17.99051],[-64.04452,-17.99025],[-64.04324,-17.98969],[-64.04198,-17.98744],[-64.03759,-17.98362],[-64.03582,-17.98107],[-64.03219,-17.9806],[-64.02518,-17.98223],[-64.02522,-17.9838],[-64.02364,-17.98739],[-64.0234,-17.98915],[-64.02218,-17.99055],[-64.02165,-17.99236],[-64.01636,-17.99467],[-64.01675,-17.99664],[-64.01642,-17.99757],[-64.01221,-18.00063],[-64.01369,-18.004],[-64.01156,-18.00776],[-64.00965,-18.00921],[-64.00835,-18.01205],[-64.00437,-18.01303],[-64.00139,-18.01725],[-64.00137,-18.02037],[-63.99828,-18.02531],[-63.99953,-18.03545],[-63.99412,-18.04078],[-63.99234,-18.04198],[-63.99101,-18.04605],[-63.99126,-18.04909],[-63.98935,-18.05094],[-63.98723,-18.05551],[-63.98721,-18.0617],[-63.98525,-18.06389],[-63.98363,-18.06957],[-63.98175,-18.07377],[-63.97854,-18.07821],[-63.97478,-18.08499],[-63.97092,-18.09663],[-63.9699,-18.10214],[-63.95975,-18.12125],[-63.95797,-18.12325],[-63.94935,-18.13002],[-63.94238,-18.13984],[-63.9407,-18.14022],[-63.93807,-18.13932],[-63.93644,-18.14015],[-63.93512,-18.14284],[-63.93471,-18.14567],[-63.93377,-18.14613],[-63.93205,-18.14519],[-63.93274,-18.1468],[-63.93223,-18.14868],[-63.93162,-18.14889],[-63.92953,-18.14825],[-63.92797,-18.14889],[-63.92791,-18.14929],[-63.92912,-18.15],[-63.9286,-18.15173],[-63.92411,-18.15376],[-63.92424,-18.15421],[-63.92546,-18.15425],[-63.92635,-18.15575],[-63.92854,-18.15598],[-63.92812,-18.15849],[-63.9245,-18.16042],[-63.92497,-18.16165],[-63.92442,-18.16234],[-63.92446,-18.16355],[-63.92238,-18.16334],[-63.92159,-18.16401],[-63.91925,-18.16415],[-63.91882,-18.16362],[-63.91878,-18.16195],[-63.91761,-18.16073],[-63.91527,-18.16031],[-63.91298,-18.16306],[-63.9117,-18.16319],[-63.91015,-18.1642],[-63.90968,-18.16567],[-63.91015,-18.16714],[-63.90814,-18.16862],[-63.9076,-18.16825],[-63.90762,-18.16732],[-63.90675,-18.16572],[-63.90532,-18.16454],[-63.90358,-18.16562],[-63.89967,-18.16589],[-63.89887,-18.1668],[-63.89784,-18.16713],[-63.89559,-18.16664],[-63.89412,-18.16754],[-63.89226,-18.16671],[-63.89183,-18.16494],[-63.89132,-18.1647],[-63.89069,-18.16572],[-63.89064,-18.1674],[-63.88758,-18.17042],[-63.88296,-18.17118],[-63.86718,-18.17757],[-63.86459,-18.17679],[-63.86252,-18.17688],[-63.85976,-18.17592],[-63.85812,-18.17696],[-63.85627,-18.17675],[-63.85178,-18.17422],[-63.84911,-18.1736],[-63.84683,-18.17371],[-63.84579,-18.17298],[-63.84458,-18.17296],[-63.84273,-18.1706],[-63.84106,-18.17095],[-63.83964,-18.17059],[-63.83746,-18.17179],[-63.83682,-18.17079],[-63.83543,-18.17082],[-63.8343,-18.16967],[-63.83191,-18.17013],[-63.83012,-18.17145],[-63.83023,-18.17359],[-63.82932,-18.17381],[-63.82792,-18.17214],[-63.82526,-18.17105],[-63.8255,-18.16958],[-63.82405,-18.16879],[-63.82354,-18.16732],[-63.82266,-18.16722],[-63.82162,-18.16621],[-63.81838,-18.16614],[-63.81609,-18.16505],[-63.81185,-18.1653],[-63.81038,-18.16692],[-63.80871,-18.16624],[-63.80359,-18.16656],[-63.7995,-18.16757],[-63.79703,-18.17126],[-63.79609,-18.17188],[-63.7954,-18.17178],[-63.79432,-18.17055],[-63.79336,-18.17075],[-63.79092,-18.17286],[-63.7895,-18.17509],[-63.78783,-18.17587],[-63.78731,-18.17949],[-63.78501,-18.18099],[-63.78224,-18.18057],[-63.78012,-18.18211],[-63.77764,-18.18175],[-63.77316,-18.18425],[-63.77137,-18.1843],[-63.77008,-18.18557],[-63.77043,-18.18735],[-63.7698,-18.18805],[-63.76725,-18.18643],[-63.7658,-18.18694],[-63.76431,-18.18837],[-63.76371,-18.19183],[-63.7631,-18.19252],[-63.76204,-18.19249],[-63.76078,-18.19075],[-63.75981,-18.19049],[-63.75693,-18.19213],[-63.75531,-18.19247],[-63.75443,-18.19448],[-63.75206,-18.19434],[-63.75044,-18.19516],[-63.74908,-18.19356],[-63.74565,-18.19668],[-63.74266,-18.19574],[-63.74103,-18.19662],[-63.73888,-18.1932],[-63.73922,-18.18762],[-63.73838,-18.18589],[-63.72956,-18.18525],[-63.72567,-18.18551],[-63.72449,-18.18658],[-63.72381,-18.1862],[-63.72395,-18.18498],[-63.72835,-18.1827],[-63.72872,-18.18137],[-63.73046,-18.1805],[-63.73089,-18.17983],[-63.73044,-18.17864],[-63.72905,-18.17841],[-63.72652,-18.17851],[-63.72415,-18.17943],[-63.72326,-18.17885],[-63.72093,-18.17868],[-63.72169,-18.17717],[-63.72154,-18.17623],[-63.7229,-18.1753],[-63.72295,-18.17337],[-63.72486,-18.17192],[-63.72456,-18.17091],[-63.72323,-18.1706],[-63.72364,-18.16916],[-63.72226,-18.16815],[-63.72475,-18.16659],[-63.72456,-18.16579],[-63.72575,-18.16524],[-63.7263,-18.16349],[-63.72525,-18.16277],[-63.72403,-18.16346],[-63.72245,-18.163],[-63.72089,-18.16374],[-63.71947,-18.16339],[-63.71908,-18.16114],[-63.71962,-18.15809],[-63.71814,-18.15689],[-63.71757,-18.15535],[-63.71592,-18.15492],[-63.71548,-18.15737],[-63.71445,-18.15875],[-63.71361,-18.15884],[-63.71221,-18.15535],[-63.71295,-18.15297],[-63.71096,-18.15076],[-63.70712,-18.15017],[-63.70526,-18.15213],[-63.70411,-18.15246],[-63.70329,-18.1492],[-63.70233,-18.14803],[-63.70217,-18.14708],[-63.69931,-18.14685],[-63.69847,-18.14785],[-63.69783,-18.14567],[-63.69622,-18.14494],[-63.69288,-18.14617],[-63.69315,-18.14824],[-63.69254,-18.14838],[-63.69105,-18.14604],[-63.69257,-18.14453],[-63.69285,-18.14356],[-63.6913,-18.14256],[-63.69058,-18.13953],[-63.6908,-18.13879],[-63.68905,-18.13634],[-63.68704,-18.13571],[-63.68549,-18.13636],[-63.67767,-18.1363],[-63.67578,-18.13717],[-63.67421,-18.13596],[-63.67126,-18.13612],[-63.67016,-18.13769],[-63.67004,-18.1392],[-63.66895,-18.14013],[-63.66878,-18.14158],[-63.66818,-18.14182],[-63.66703,-18.14038],[-63.66559,-18.1398],[-63.66489,-18.13834],[-63.66332,-18.13786],[-63.66202,-18.13628],[-63.66061,-18.1358],[-63.65879,-18.1338],[-63.65111,-18.13292],[-63.64625,-18.12994],[-63.64197,-18.13122],[-63.63988,-18.13066],[-63.63797,-18.13111],[-63.63712,-18.13041],[-63.63356,-18.12998],[-63.63228,-18.13033],[-63.63135,-18.1315],[-63.63074,-18.13435],[-63.63211,-18.13745],[-63.63024,-18.13933],[-63.62867,-18.14406],[-63.62808,-18.14412],[-63.62674,-18.14318],[-63.62602,-18.14334],[-63.62541,-18.14444],[-63.62143,-18.14413],[-63.61944,-18.14635],[-63.61866,-18.14808],[-63.61855,-18.14888],[-63.61945,-18.15098],[-63.61908,-18.1518],[-63.61319,-18.15285],[-63.61107,-18.15498],[-63.60972,-18.15537],[-63.60634,-18.15773],[-63.60483,-18.16021],[-63.60382,-18.16067],[-63.6028,-18.16192],[-63.60043,-18.16281],[-63.59828,-18.1629],[-63.59675,-18.16398],[-63.59586,-18.16558],[-63.59132,-18.1675],[-63.58641,-18.16696],[-63.58455,-18.16526],[-63.5835,-18.16493],[-63.57945,-18.16621],[-63.57785,-18.16824],[-63.58028,-18.17014],[-63.58054,-18.17103],[-63.57852,-18.17335],[-63.57758,-18.17712],[-63.57546,-18.17789],[-63.5737,-18.17949],[-63.57308,-18.18099],[-63.56892,-18.18014],[-63.56749,-18.18128],[-63.56709,-18.1826],[-63.56511,-18.18171],[-63.56269,-18.18371],[-63.56197,-18.18528],[-63.56112,-18.18574],[-63.56002,-18.18527],[-63.55852,-18.18627],[-63.55724,-18.18453],[-63.55791,-18.18286],[-63.55669,-18.18332],[-63.55407,-18.18198],[-63.55244,-18.18254],[-63.5517,-18.18097],[-63.55055,-18.18035],[-63.54641,-18.18059],[-63.54521,-18.17795],[-63.54367,-18.1781],[-63.54212,-18.17584],[-63.54013,-18.17556],[-63.54097,-18.17307],[-63.54002,-18.17191],[-63.53872,-18.17188],[-63.53683,-18.17299],[-63.53583,-18.17289],[-63.53455,-18.16942],[-63.53245,-18.16721],[-63.53169,-18.16713],[-63.53003,-18.16855],[-63.52825,-18.16895],[-63.52495,-18.16721],[-63.5243,-18.16791],[-63.52125,-18.1691],[-63.5196,-18.16764],[-63.5143,-18.16627],[-63.51104,-18.16428],[-63.50664,-18.16258],[-63.50165,-18.1581],[-63.48389,-18.14616],[-63.46678,-18.12726],[-63.46356,-18.12205],[-63.45567,-18.10434],[-63.45042,-18.09583],[-63.45048,-18.08691],[-63.44953,-18.08315],[-63.44784,-18.07986],[-63.43934,-18.0691],[-63.42282,-18.05024],[-63.40822,-18.03668],[-63.40558,-18.03367],[-63.38282,-17.99273],[-63.36682,-17.97549],[-63.365,-17.97287],[-63.3605,-17.95978],[-63.35265,-17.94816],[-63.34957,-17.93483],[-63.34621,-17.92474],[-63.34613,-17.92052],[-63.34669,-17.91631],[-63.34079,-17.9081],[-63.33999,-17.90542],[-63.33923,-17.89766],[-63.33834,-17.89573],[-63.3357,-17.89417],[-63.30192,-17.88822],[-63.28513,-17.87983],[-63.18879,-17.79471],[-63.18686,-17.79344],[-63.18737,-17.78937],[-63.18109,-17.78787],[-63.18159,-17.78327]]}},{"type":"Feature","properties":{"name":"Santa Cruz de la Sierra \u279c Corumb\u00e1 (grens Brazili\u00eb)","mode":"bus","order":31},"geometry":{"type":"LineString","coordinates":[[-63.18159,-17.78327],[-63.18171,-17.78173],[-63.17264,-17.78087],[-63.17219,-17.78314],[-63.15306,-17.78124],[-63.14726,-17.78023],[-63.1464,-17.77944],[-63.11822,-17.76872],[-63.10092,-17.76443],[-63.0849,-17.76522],[-63.06452,-17.76406],[-63.05479,-17.76715],[-63.0529,-17.76732],[-63.03228,-17.76406],[-63.00183,-17.75628],[-62.99998,-17.75851],[-62.99096,-17.75635],[-62.99108,-17.75439],[-62.95729,-17.74564],[-62.94981,-17.74288],[-62.81355,-17.67392],[-62.80737,-17.67018],[-62.79087,-17.66864],[-62.78802,-17.66796],[-62.78532,-17.6682],[-62.76967,-17.66686],[-62.76582,-17.66496],[-62.75806,-17.66482],[-62.73448,-17.66276],[-62.72471,-17.6598],[-62.71701,-17.65987],[-62.71687,-17.65356],[-62.71607,-17.65111],[-62.70168,-17.63438],[-62.69229,-17.62537],[-62.6895,-17.61531],[-62.67862,-17.6014],[-62.6765,-17.59227],[-62.67556,-17.59104],[-62.67484,-17.59091],[-62.64268,-17.59394],[-62.63338,-17.59433],[-62.60014,-17.59781],[-62.56873,-17.59454],[-62.52418,-17.592],[-62.48181,-17.58683],[-62.46538,-17.58741],[-62.45432,-17.58539],[-62.43486,-17.58434],[-62.40234,-17.58691],[-62.36167,-17.5969],[-62.32235,-17.60132],[-62.27612,-17.60268],[-62.24921,-17.6042],[-62.19437,-17.5993],[-62.06626,-17.58483],[-62.01375,-17.58802],[-62.00977,-17.58909],[-62.00231,-17.59216],[-61.9978,-17.59286],[-61.98976,-17.59226],[-61.97631,-17.59001],[-61.95987,-17.58873],[-61.95622,-17.58883],[-61.92366,-17.5917],[-61.89919,-17.59568],[-61.86228,-17.60065],[-61.81993,-17.6106],[-61.77498,-17.61754],[-61.73067,-17.62776],[-61.68528,-17.63447],[-61.63945,-17.64502],[-61.5911,-17.65207],[-61.54414,-17.66271],[-61.51358,-17.667],[-61.49717,-17.66794],[-61.4817,-17.67109],[-61.46106,-17.67621],[-61.28343,-17.701],[-61.27941,-17.70105],[-61.27167,-17.69997],[-61.26763,-17.70023],[-61.25842,-17.70255],[-61.24354,-17.70891],[-61.23831,-17.71039],[-61.23322,-17.7137],[-61.22215,-17.71867],[-61.22008,-17.71866],[-61.21833,-17.71803],[-61.21312,-17.71296],[-61.20772,-17.71091],[-61.19962,-17.70573],[-61.19744,-17.70492],[-61.19425,-17.70484],[-61.16837,-17.70714],[-61.14764,-17.7139],[-61.10806,-17.72996],[-61.06595,-17.75036],[-61.02764,-17.7674],[-61.0242,-17.7681],[-60.99633,-17.77046],[-60.95537,-17.77729],[-60.9273,-17.77972],[-60.92145,-17.78196],[-60.91223,-17.78243],[-60.90893,-17.78155],[-60.90634,-17.78146],[-60.88662,-17.78485],[-60.84349,-17.79439],[-60.80277,-17.81091],[-60.76595,-17.83329],[-60.75045,-17.8382],[-60.73445,-17.83931],[-60.73254,-17.84251],[-60.7333,-17.84621],[-60.71885,-17.84618],[-60.71625,-17.84701],[-60.70102,-17.84777],[-60.67786,-17.8595],[-60.67598,-17.85979],[-60.67123,-17.85901],[-60.66851,-17.85907],[-60.65204,-17.86543],[-60.64828,-17.86748],[-60.64356,-17.87153],[-60.64109,-17.8726],[-60.63178,-17.87285],[-60.61882,-17.87173],[-60.60286,-17.87345],[-60.54871,-17.87467],[-60.53691,-17.87718],[-60.5022,-17.87775],[-60.49905,-17.87743],[-60.48706,-17.87432],[-60.48406,-17.87409],[-60.48029,-17.87531],[-60.474,-17.87992],[-60.47099,-17.88044],[-60.4558,-17.88008],[-60.44324,-17.87489],[-60.44029,-17.87412],[-60.42531,-17.87445],[-60.41998,-17.8758],[-60.40923,-17.88228],[-60.4004,-17.88423],[-60.39802,-17.8858],[-60.38913,-17.89517],[-60.37994,-17.89964],[-60.37111,-17.9065],[-60.36921,-17.90855],[-60.3594,-17.92423],[-60.35802,-17.92508],[-60.35397,-17.92596],[-60.35251,-17.92678],[-60.3493,-17.93355],[-60.34765,-17.93549],[-60.32588,-17.95046],[-60.30949,-17.96601],[-60.26486,-17.993],[-60.25977,-17.99438],[-60.2317,-17.99682],[-60.22891,-17.99804],[-60.21825,-18.00777],[-60.20428,-18.02395],[-60.19668,-18.03064],[-60.18743,-18.04455],[-60.18153,-18.04961],[-60.16249,-18.0578],[-60.14743,-18.06507],[-60.14401,-18.06621],[-60.13028,-18.06907],[-60.11517,-18.07837],[-60.1057,-18.08129],[-60.1005,-18.08362],[-60.09884,-18.08363],[-60.09388,-18.08215],[-60.09193,-18.08235],[-60.09035,-18.08327],[-60.08913,-18.08569],[-60.08803,-18.09908],[-60.0861,-18.10928],[-60.08563,-18.11428],[-60.08618,-18.11664],[-60.08437,-18.11872],[-60.08511,-18.11981],[-60.08904,-18.11995],[-60.09067,-18.1211],[-60.0909,-18.12263],[-60.08993,-18.12687],[-60.09067,-18.13164],[-60.09002,-18.1338],[-60.08614,-18.13947],[-60.08479,-18.14405],[-60.08279,-18.14556],[-60.07691,-18.14674],[-60.05787,-18.15523],[-60.05481,-18.1548],[-60.04901,-18.15],[-60.04604,-18.14893],[-60.03792,-18.1512],[-60.02979,-18.15487],[-60.02857,-18.15729],[-60.02833,-18.17286],[-60.02764,-18.17541],[-60.02574,-18.17937],[-60.02002,-18.18548],[-60.01518,-18.1889],[-60.01374,-18.19046],[-60.01111,-18.19641],[-60.00365,-18.20529],[-60.00106,-18.2137],[-59.99963,-18.21445],[-59.99491,-18.21477],[-59.98804,-18.21833],[-59.98381,-18.22497],[-59.98378,-18.22865],[-59.98275,-18.23015],[-59.97866,-18.23253],[-59.97681,-18.23302],[-59.97483,-18.23284],[-59.97085,-18.23129],[-59.96852,-18.23175],[-59.96538,-18.23606],[-59.95779,-18.24024],[-59.95112,-18.24668],[-59.94935,-18.24766],[-59.94752,-18.24794],[-59.93865,-18.24746],[-59.92998,-18.24871],[-59.9275,-18.24815],[-59.92409,-18.24624],[-59.92191,-18.24583],[-59.90689,-18.24821],[-59.90406,-18.24943],[-59.89245,-18.25624],[-59.87872,-18.26013],[-59.86465,-18.2674],[-59.86156,-18.26832],[-59.84477,-18.27112],[-59.82956,-18.27874],[-59.82629,-18.28189],[-59.81392,-18.3012],[-59.81031,-18.30541],[-59.79945,-18.31477],[-59.78761,-18.32333],[-59.78478,-18.32484],[-59.77861,-18.3271],[-59.77546,-18.33171],[-59.76924,-18.33591],[-59.76388,-18.34526],[-59.75813,-18.34717],[-59.75229,-18.34817],[-59.75033,-18.34948],[-59.7451,-18.3623],[-59.74368,-18.36389],[-59.71966,-18.36711],[-59.7087,-18.36787],[-59.69541,-18.37727],[-59.68301,-18.38335],[-59.67367,-18.38603],[-59.64686,-18.39901],[-59.63696,-18.40571],[-59.62658,-18.40866],[-59.61279,-18.41382],[-59.59878,-18.42165],[-59.57612,-18.43028],[-59.57269,-18.43116],[-59.56378,-18.43198],[-59.55108,-18.43155],[-59.54807,-18.43184],[-59.53982,-18.43503],[-59.53054,-18.44093],[-59.51828,-18.44538],[-59.51606,-18.44582],[-59.50849,-18.44565],[-59.50675,-18.446],[-59.50101,-18.44863],[-59.49999,-18.44959],[-59.49895,-18.4573],[-59.49783,-18.45893],[-59.49047,-18.46369],[-59.46236,-18.47952],[-59.45662,-18.48226],[-59.44606,-18.48566],[-59.44125,-18.48634],[-59.42759,-18.48453],[-59.42225,-18.48474],[-59.41794,-18.48236],[-59.41365,-18.48276],[-59.40318,-18.4861],[-59.38573,-18.49428],[-59.38335,-18.49468],[-59.37546,-18.49468],[-59.3542,-18.49959],[-59.33541,-18.50635],[-59.33452,-18.5078],[-59.33375,-18.51567],[-59.33319,-18.5175],[-59.32684,-18.52552],[-59.32505,-18.52669],[-59.30509,-18.5312],[-59.28979,-18.53185],[-59.17491,-18.57573],[-59.16396,-18.57795],[-59.15897,-18.58],[-59.15088,-18.58478],[-59.12081,-18.59651],[-58.99332,-18.61699],[-58.99091,-18.61845],[-58.98492,-18.62427],[-58.98403,-18.62642],[-58.98228,-18.63759],[-58.98062,-18.64008],[-58.94986,-18.65836],[-58.93671,-18.66903],[-58.91207,-18.6787],[-58.90847,-18.67922],[-58.89537,-18.67829],[-58.88659,-18.6813],[-58.88287,-18.68181],[-58.84972,-18.68104],[-58.83957,-18.68036],[-58.82358,-18.68454],[-58.8032,-18.6951],[-58.79543,-18.70122],[-58.78332,-18.70625],[-58.77919,-18.71258],[-58.76165,-18.72512],[-58.74956,-18.73946],[-58.72326,-18.76499],[-58.71484,-18.77579],[-58.69711,-18.78541],[-58.67875,-18.79813],[-58.65864,-18.80929],[-58.64289,-18.81961],[-58.63961,-18.82019],[-58.6229,-18.81671],[-58.61174,-18.82027],[-58.61024,-18.82145],[-58.60644,-18.82635],[-58.60436,-18.82777],[-58.60267,-18.82827],[-58.54441,-18.82929],[-58.53824,-18.83043],[-58.50923,-18.84711],[-58.49551,-18.85283],[-58.47752,-18.86551],[-58.4462,-18.87801],[-58.40846,-18.88857],[-58.39823,-18.88952],[-58.38436,-18.89517],[-58.35363,-18.9091],[-58.31972,-18.91527],[-58.2846,-18.9439],[-58.24846,-18.96879],[-58.24509,-18.9707],[-58.21003,-18.98273],[-58.17162,-18.99423],[-58.15915,-18.994],[-58.12482,-18.99969],[-58.07895,-19.00264],[-58.03381,-18.9939],[-57.98812,-18.98788],[-57.9437,-18.98653],[-57.9019,-18.98931],[-57.89182,-18.98935],[-57.85039,-18.98836],[-57.83297,-18.98656],[-57.82964,-18.98678],[-57.82584,-18.98577],[-57.80685,-18.98376],[-57.80374,-18.98391],[-57.76459,-18.9888],[-57.75712,-18.99087],[-57.75536,-18.99255],[-57.75269,-19.00007],[-57.75015,-19.00295],[-57.71845,-19.01853],[-57.71736,-19.01955],[-57.71523,-19.02346],[-57.71449,-19.0265],[-57.7087,-19.02849],[-57.7078,-19.02827],[-57.69434,-19.01869],[-57.69031,-19.02174],[-57.68254,-19.02295],[-57.65923,-19.01579],[-57.65988,-19.01373],[-57.64921,-19.01049],[-57.6503,-19.00754],[-57.65117,-19.00781]]}},{"type":"Feature","properties":{"name":"Corumb\u00e1 (grens Brazili\u00eb) \u279c S\u00e3o Paulo","mode":"bus","order":32},"geometry":{"type":"LineString","coordinates":[[-57.65117,-19.00781],[-57.65183,-19.00802],[-57.6508,-19.01087],[-57.65861,-19.01327],[-57.65121,-19.03381],[-57.64979,-19.03525],[-57.64209,-19.04046],[-57.62236,-19.07283],[-57.62124,-19.0758],[-57.62216,-19.09384],[-57.62257,-19.09454],[-57.62225,-19.09585],[-57.62348,-19.12175],[-57.6239,-19.12344],[-57.62357,-19.12401],[-57.62447,-19.14186],[-57.63608,-19.16422],[-57.64108,-19.1692],[-57.64579,-19.20295],[-57.64461,-19.22698],[-57.64281,-19.24516],[-57.64212,-19.25811],[-57.63501,-19.27943],[-57.63385,-19.28147],[-57.61675,-19.29394],[-57.59935,-19.31031],[-57.59403,-19.31708],[-57.59265,-19.31818],[-57.58722,-19.32164],[-57.58023,-19.32308],[-57.577,-19.32505],[-57.57415,-19.32835],[-57.57343,-19.32985],[-57.57182,-19.34699],[-57.57162,-19.34834],[-57.5705,-19.34992],[-57.52569,-19.37953],[-57.51918,-19.38141],[-57.49384,-19.39609],[-57.44532,-19.43448],[-57.42262,-19.46091],[-57.42065,-19.46359],[-57.42026,-19.46502],[-57.42045,-19.4666],[-57.4265,-19.47917],[-57.42776,-19.48671],[-57.4293,-19.49134],[-57.42934,-19.49662],[-57.42987,-19.49778],[-57.43177,-19.49953],[-57.43232,-19.50092],[-57.43208,-19.50696],[-57.38934,-19.55578],[-57.38636,-19.55676],[-57.34355,-19.56119],[-57.33663,-19.56011],[-57.27929,-19.56882],[-57.27625,-19.56818],[-57.23718,-19.54796],[-57.23382,-19.5474],[-57.231,-19.5478],[-57.21133,-19.55472],[-57.02705,-19.64921],[-56.93925,-19.80368],[-56.93738,-19.80527],[-56.90201,-19.82194],[-56.89981,-19.82411],[-56.85053,-19.93586],[-56.83001,-19.98023],[-56.815,-20.00863],[-56.79108,-20.03947],[-56.76158,-20.07563],[-56.70369,-20.13143],[-56.7017,-20.13217],[-56.63861,-20.13572],[-56.51686,-20.18315],[-56.51492,-20.18455],[-56.51079,-20.18969],[-56.50903,-20.19068],[-56.45644,-20.18956],[-56.45181,-20.19012],[-56.39265,-20.22996],[-56.37829,-20.23384],[-56.37232,-20.23601],[-56.35367,-20.25057],[-56.33984,-20.26516],[-56.33792,-20.26655],[-56.2347,-20.31565],[-56.22389,-20.31958],[-56.21512,-20.3213],[-56.18448,-20.3353],[-56.16613,-20.34268],[-56.154,-20.35047],[-56.15189,-20.35095],[-56.13688,-20.35058],[-56.13412,-20.35157],[-56.12314,-20.36158],[-56.12,-20.36886],[-56.11874,-20.37063],[-56.09343,-20.39449],[-56.08833,-20.39655],[-56.08461,-20.39651],[-56.08332,-20.39704],[-56.07966,-20.40245],[-56.04829,-20.42466],[-55.92851,-20.49839],[-55.92587,-20.49959],[-55.85816,-20.50326],[-55.84348,-20.50587],[-55.84148,-20.5057],[-55.81734,-20.49915],[-55.79466,-20.50043],[-55.78964,-20.49935],[-55.78612,-20.49913],[-55.7532,-20.50316],[-55.64324,-20.51057],[-55.62259,-20.51072],[-55.62065,-20.51123],[-55.6074,-20.51837],[-55.57377,-20.53446],[-55.55669,-20.54079],[-55.55522,-20.54202],[-55.55407,-20.54406],[-55.55382,-20.54975],[-55.55282,-20.55133],[-55.55111,-20.55251],[-55.54744,-20.5526],[-55.53942,-20.54858],[-55.5359,-20.54822],[-55.52499,-20.55189],[-55.51263,-20.55526],[-55.50346,-20.5588],[-55.5,-20.55911],[-55.40551,-20.5285],[-55.40021,-20.52714],[-55.28301,-20.4889],[-55.27987,-20.48653],[-55.25798,-20.45481],[-55.25567,-20.45283],[-55.25324,-20.45179],[-55.25009,-20.45148],[-55.24669,-20.45235],[-55.23704,-20.45885],[-55.21923,-20.46939],[-55.21733,-20.47033],[-55.21457,-20.47067],[-55.20463,-20.4689],[-55.16962,-20.45177],[-55.01995,-20.42015],[-55.01585,-20.41996],[-54.96847,-20.42528],[-54.96426,-20.42425],[-54.95869,-20.42113],[-54.95514,-20.42064],[-54.94822,-20.42235],[-54.93369,-20.42998],[-54.92983,-20.42998],[-54.92028,-20.42655],[-54.91706,-20.42635],[-54.87298,-20.43481],[-54.86616,-20.43485],[-54.85849,-20.43764],[-54.85583,-20.43977],[-54.84565,-20.45285],[-54.84094,-20.46876],[-54.84204,-20.47233],[-54.84173,-20.47399],[-54.83733,-20.4784],[-54.83253,-20.48019],[-54.82828,-20.48798],[-54.82639,-20.48923],[-54.82448,-20.48927],[-54.81868,-20.48673],[-54.8168,-20.48636],[-54.81362,-20.48739],[-54.81042,-20.49018],[-54.80852,-20.49036],[-54.80723,-20.48963],[-54.80435,-20.48606],[-54.80097,-20.48427],[-54.77502,-20.48208],[-54.76789,-20.47911],[-54.7508,-20.47806],[-54.74909,-20.48188],[-54.74038,-20.49202],[-54.73849,-20.49329],[-54.7263,-20.50688],[-54.71938,-20.51533],[-54.69668,-20.54031],[-54.69461,-20.54194],[-54.66908,-20.55185],[-54.65987,-20.56106],[-54.6506,-20.56738],[-54.64523,-20.57028],[-54.64158,-20.57039],[-54.617,-20.56375],[-54.61374,-20.56327],[-54.6079,-20.56385],[-54.60477,-20.56502],[-54.60148,-20.56705],[-54.59729,-20.57036],[-54.59503,-20.57278],[-54.59358,-20.57563],[-54.59239,-20.58],[-54.59113,-20.5818],[-54.58871,-20.58319],[-54.58399,-20.58368],[-54.58285,-20.58488],[-54.57231,-20.62842],[-54.56643,-20.64475],[-54.55893,-20.66954],[-54.55119,-20.69296],[-54.52217,-20.78871],[-54.49788,-20.92122],[-54.50633,-20.98825],[-54.50865,-21.01076],[-54.47695,-21.14358],[-54.47567,-21.17156],[-54.46459,-21.1947],[-54.45518,-21.23245],[-54.43086,-21.31162],[-54.42386,-21.32242],[-54.42305,-21.32442],[-54.41163,-21.38103],[-54.40568,-21.39936],[-54.38107,-21.42768],[-54.37974,-21.43005],[-54.3759,-21.44082],[-54.37597,-21.44468],[-54.38592,-21.47266],[-54.38375,-21.47225],[-54.35421,-21.47953],[-54.34616,-21.48087],[-54.28001,-21.48765],[-54.21148,-21.53474],[-54.20934,-21.53537],[-54.16506,-21.53999],[-54.15945,-21.54132],[-54.11923,-21.57086],[-54.10591,-21.58533],[-54.07071,-21.59586],[-53.91621,-21.58469],[-53.88927,-21.59708],[-53.79049,-21.60595],[-53.68788,-21.61829],[-53.65873,-21.62264],[-53.52106,-21.63878],[-53.50391,-21.64029],[-53.4665,-21.64616],[-53.4634,-21.64728],[-53.43323,-21.66358],[-53.41023,-21.67511],[-53.36049,-21.70199],[-53.27078,-21.75136],[-53.26221,-21.75658],[-53.25753,-21.75805],[-53.23732,-21.75845],[-53.21068,-21.76896],[-53.10362,-21.82778],[-53.08704,-21.83392],[-53.04901,-21.84521],[-53.04626,-21.84653],[-53.03428,-21.85419],[-53.03099,-21.85546],[-53.00792,-21.85777],[-53.00489,-21.85761],[-52.99576,-21.85587],[-52.97087,-21.86139],[-52.96313,-21.86062],[-52.95929,-21.86079],[-52.87196,-21.87973],[-52.8695,-21.87975],[-52.83922,-21.87373],[-52.5357,-21.81228],[-52.53369,-21.81136],[-52.53146,-21.80954],[-52.50267,-21.7736],[-52.46521,-21.74058],[-52.43454,-21.72276],[-52.42936,-21.72055],[-52.42655,-21.72003],[-52.42071,-21.72006],[-52.36189,-21.72732],[-52.2771,-21.72538],[-52.25976,-21.7258],[-52.25869,-21.72545],[-52.24858,-21.72536],[-52.245,-21.72604],[-52.23534,-21.73098],[-52.1829,-21.75433],[-52.15107,-21.78087],[-52.14521,-21.7852],[-52.01515,-21.85183],[-52.00929,-21.85343],[-51.92716,-21.86459],[-51.80605,-21.90627],[-51.54346,-22.05189],[-51.40564,-22.14285],[-51.40269,-22.14459],[-51.39243,-22.14842],[-51.38867,-22.15081],[-51.38173,-22.15962],[-51.38168,-22.16194],[-51.38332,-22.16639],[-51.38253,-22.16926],[-51.37944,-22.17221],[-51.37327,-22.17501],[-51.35573,-22.19151],[-51.35439,-22.19646],[-51.35403,-22.20157],[-51.3376,-22.23788],[-51.33599,-22.24003],[-51.25077,-22.30595],[-51.24724,-22.30749],[-51.22453,-22.31064],[-51.21964,-22.31238],[-51.00834,-22.43531],[-50.99948,-22.44107],[-50.99235,-22.44477],[-50.69217,-22.61901],[-50.6818,-22.62249],[-50.66885,-22.6263],[-50.66576,-22.6268],[-50.6143,-22.62591],[-50.59897,-22.62621],[-50.40376,-22.63882],[-50.03878,-22.82341],[-50.02795,-22.83047],[-50.00758,-22.84705],[-50.00351,-22.84857],[-49.9898,-22.85148],[-49.9871,-22.85283],[-49.98518,-22.85467],[-49.97235,-22.87365],[-49.96977,-22.87635],[-49.89138,-22.92916],[-49.8581,-22.93164],[-49.85227,-22.93114],[-49.82492,-22.92677],[-49.82073,-22.92548],[-49.78936,-22.913],[-49.75191,-22.90505],[-49.67222,-22.87377],[-49.61051,-22.86689],[-49.58794,-22.86251],[-49.58549,-22.86089],[-49.46481,-22.73499],[-49.46357,-22.73414],[-49.45966,-22.73357],[-49.44838,-22.73919],[-49.37907,-22.77976],[-49.37322,-22.78421],[-49.34981,-22.80534],[-49.34725,-22.80694],[-49.34201,-22.80827],[-49.29566,-22.81157],[-49.28824,-22.81284],[-49.18324,-22.84889],[-49.17863,-22.85131],[-49.14751,-22.87366],[-49.14469,-22.87507],[-49.1424,-22.8773],[-49.0999,-22.90784],[-49.09454,-22.91054],[-49.021,-22.929],[-48.95884,-22.94018],[-48.95073,-22.94115],[-48.91503,-22.94064],[-48.90925,-22.94124],[-48.86082,-22.9573],[-48.85493,-22.95769],[-48.82818,-22.95484],[-48.82214,-22.95572],[-48.78977,-22.9739],[-48.77359,-22.98241],[-48.75558,-22.991],[-48.73607,-22.9993],[-48.71413,-23.00745],[-48.63955,-23.03243],[-48.57398,-23.05978],[-48.52607,-23.07567],[-48.51512,-23.08294],[-48.50714,-23.08929],[-48.50619,-23.09105],[-48.5058,-23.09321],[-48.50742,-23.09914],[-48.5071,-23.10241],[-48.50585,-23.10467],[-48.49947,-23.11159],[-48.49261,-23.11687],[-48.46228,-23.13352],[-48.4495,-23.13681],[-48.40807,-23.14542],[-48.39754,-23.14863],[-48.3731,-23.1579],[-48.34316,-23.16408],[-48.33633,-23.16685],[-48.30793,-23.18118],[-48.25997,-23.20075],[-48.2569,-23.20092],[-48.25371,-23.20017],[-48.24612,-23.195],[-48.24214,-23.19373],[-48.23237,-23.19433],[-48.22331,-23.1964],[-48.21663,-23.19924],[-48.21161,-23.20227],[-48.20765,-23.20538],[-48.19829,-23.21446],[-48.18468,-23.22265],[-48.17941,-23.22521],[-48.16457,-23.23017],[-48.14608,-23.23293],[-48.08879,-23.24575],[-48.08235,-23.24632],[-48.04579,-23.24622],[-47.85388,-23.26009],[-47.84082,-23.26493],[-47.82875,-23.274],[-47.825,-23.27621],[-47.80751,-23.2828],[-47.80339,-23.28337],[-47.77968,-23.28432],[-47.72668,-23.29386],[-47.71184,-23.29575],[-47.69522,-23.29445],[-47.69042,-23.29475],[-47.66104,-23.303],[-47.65739,-23.3049],[-47.64,-23.31628],[-47.637,-23.31748],[-47.58483,-23.32015],[-47.57997,-23.32088],[-47.57623,-23.32228],[-47.50807,-23.35448],[-47.49965,-23.3577],[-47.45483,-23.37062],[-47.39929,-23.38048],[-47.3695,-23.38889],[-47.34528,-23.39795],[-47.33394,-23.40131],[-47.27987,-23.40974],[-47.27008,-23.41446],[-47.26734,-23.41488],[-47.26145,-23.4147],[-47.25875,-23.4153],[-47.24838,-23.42146],[-47.24372,-23.42319],[-47.23795,-23.42339],[-47.22007,-23.41898],[-47.21643,-23.41861],[-47.15211,-23.42325],[-47.14903,-23.42401],[-47.14021,-23.42856],[-47.13255,-23.42899],[-47.1301,-23.42964],[-47.11867,-23.43694],[-47.11203,-23.43925],[-47.10665,-23.43939],[-47.09574,-23.4366],[-47.09297,-23.43631],[-47.07681,-23.4364],[-47.06899,-23.43791],[-47.06671,-23.43871],[-47.06471,-23.44027],[-47.05374,-23.45471],[-47.05113,-23.45669],[-47.03912,-23.46208],[-47.03101,-23.46368],[-47.02179,-23.4682],[-47.00819,-23.47216],[-47.0048,-23.47389],[-46.99852,-23.47827],[-46.98645,-23.49325],[-46.9818,-23.50201],[-46.97865,-23.50575],[-46.97564,-23.50812],[-46.96411,-23.51524],[-46.95423,-23.51908],[-46.95067,-23.5194],[-46.94067,-23.5186],[-46.92827,-23.51669],[-46.92414,-23.51538],[-46.91471,-23.51131],[-46.89875,-23.50677],[-46.88343,-23.50519],[-46.86262,-23.50479],[-46.83608,-23.5071],[-46.80661,-23.51123],[-46.80063,-23.51284],[-46.78444,-23.51925],[-46.76694,-23.52185],[-46.74974,-23.52716],[-46.74855,-23.52687],[-46.74777,-23.5261],[-46.74677,-23.52132],[-46.74473,-23.51889],[-46.74212,-23.51803],[-46.73366,-23.51832],[-46.7314,-23.51795],[-46.72323,-23.5134],[-46.72037,-23.50991],[-46.71869,-23.50893],[-46.71643,-23.50863],[-46.70727,-23.50931],[-46.69516,-23.50855],[-46.6841,-23.51069],[-46.67958,-23.51359],[-46.67716,-23.51445],[-46.64275,-23.51892],[-46.62668,-23.52009],[-46.62546,-23.52213],[-46.62578,-23.53163],[-46.63092,-23.54386],[-46.63056,-23.54489],[-46.6312,-23.54564],[-46.63098,-23.54674],[-46.62934,-23.54906],[-46.63079,-23.54977],[-46.63104,-23.54926],[-46.63281,-23.54947],[-46.63288,-23.55007]]}},{"type":"Feature","properties":{"name":"S\u00e3o Paulo \u279c Rio de Janeiro","mode":"bus","order":33},"geometry":{"type":"LineString","coordinates":[[-46.63288,-23.55007],[-46.63281,-23.54947],[-46.63366,-23.54903],[-46.63449,-23.55084],[-46.63654,-23.55013],[-46.63674,-23.55062],[-46.63805,-23.55],[-46.63872,-23.54886],[-46.63413,-23.54143],[-46.63354,-23.5366],[-46.63127,-23.52875],[-46.63006,-23.521],[-46.62894,-23.5198],[-46.6179,-23.51945],[-46.61106,-23.52354],[-46.60338,-23.52361],[-46.59527,-23.52953],[-46.59292,-23.5302],[-46.59152,-23.53003],[-46.58393,-23.52082],[-46.56745,-23.50392],[-46.5492,-23.49111],[-46.52159,-23.47341],[-46.51678,-23.47095],[-46.48699,-23.46056],[-46.39945,-23.42407],[-46.35865,-23.41264],[-46.34164,-23.40932],[-46.33754,-23.40754],[-46.33279,-23.40446],[-46.32936,-23.40327],[-46.31458,-23.40234],[-46.30357,-23.40034],[-46.29779,-23.39829],[-46.29376,-23.39758],[-46.2863,-23.39341],[-46.26279,-23.38311],[-46.25479,-23.37804],[-46.24762,-23.37633],[-46.24604,-23.37524],[-46.24159,-23.37032],[-46.23967,-23.36952],[-46.23552,-23.36898],[-46.22529,-23.36452],[-46.21647,-23.35928],[-46.20697,-23.35696],[-46.20121,-23.35296],[-46.19895,-23.35204],[-46.18948,-23.35175],[-46.18208,-23.35239],[-46.16853,-23.34809],[-46.15006,-23.33916],[-46.11817,-23.32272],[-46.114,-23.32192],[-46.09751,-23.32167],[-46.09261,-23.321],[-46.08813,-23.31971],[-46.0797,-23.31636],[-46.06703,-23.31407],[-46.05921,-23.30945],[-46.05601,-23.30817],[-46.0412,-23.30712],[-46.02557,-23.30226],[-46.01527,-23.30022],[-46.01094,-23.29863],[-46.00737,-23.2967],[-45.92656,-23.24441],[-45.87908,-23.20044],[-45.8733,-23.19628],[-45.84039,-23.18016],[-45.83658,-23.17785],[-45.70582,-23.11185],[-45.69958,-23.10799],[-45.65367,-23.07642],[-45.64526,-23.07186],[-45.59971,-23.04953],[-45.59313,-23.04728],[-45.56391,-23.03975],[-45.55826,-23.0376],[-45.5488,-23.03131],[-45.52,-23.01065],[-45.51542,-23.00789],[-45.30984,-22.90447],[-45.28322,-22.88626],[-45.27175,-22.87719],[-45.26875,-22.87601],[-45.25615,-22.8742],[-45.2476,-22.87201],[-45.24585,-22.87118],[-45.24234,-22.8671],[-45.23841,-22.86437],[-45.22931,-22.85422],[-45.22714,-22.85043],[-45.22696,-22.84663],[-45.22462,-22.84334],[-45.22346,-22.83928],[-45.22219,-22.83744],[-45.21383,-22.83082],[-45.20483,-22.8266],[-45.20194,-22.82251],[-45.20105,-22.82196],[-45.19815,-22.82137],[-45.19391,-22.82299],[-45.19204,-22.82319],[-45.18732,-22.8204],[-45.18281,-22.81869],[-45.17187,-22.80463],[-45.16599,-22.79509],[-45.1642,-22.79329],[-44.99779,-22.67423],[-44.99492,-22.67099],[-44.99048,-22.66981],[-44.98033,-22.66206],[-44.96373,-22.65776],[-44.9592,-22.65422],[-44.95626,-22.64901],[-44.95192,-22.64668],[-44.9461,-22.6413],[-44.94419,-22.64054],[-44.93881,-22.63971],[-44.93522,-22.63567],[-44.92791,-22.63184],[-44.92395,-22.62871],[-44.91521,-22.62467],[-44.91033,-22.62388],[-44.90868,-22.62022],[-44.89946,-22.61366],[-44.8964,-22.60723],[-44.88862,-22.60004],[-44.88641,-22.59394],[-44.88599,-22.59051],[-44.88163,-22.58585],[-44.87809,-22.5842],[-44.87746,-22.57986],[-44.8766,-22.57829],[-44.87462,-22.57705],[-44.8673,-22.57513],[-44.86551,-22.5737],[-44.86491,-22.57237],[-44.86483,-22.57054],[-44.86565,-22.56501],[-44.86492,-22.56344],[-44.86362,-22.56236],[-44.85403,-22.55715],[-44.8524,-22.55674],[-44.8419,-22.55937],[-44.83538,-22.55801],[-44.8314,-22.56013],[-44.82916,-22.56029],[-44.82112,-22.55742],[-44.81638,-22.55391],[-44.80519,-22.54762],[-44.80377,-22.54639],[-44.80168,-22.5432],[-44.79953,-22.54197],[-44.79646,-22.54177],[-44.7888,-22.54433],[-44.7858,-22.54442],[-44.78229,-22.54333],[-44.77827,-22.53962],[-44.77291,-22.53686],[-44.76964,-22.53621],[-44.76323,-22.53607],[-44.75931,-22.53361],[-44.75111,-22.53087],[-44.74449,-22.52957],[-44.73369,-22.52464],[-44.72575,-22.52376],[-44.71995,-22.52377],[-44.71403,-22.52075],[-44.70895,-22.51913],[-44.69775,-22.5129],[-44.68771,-22.50977],[-44.68062,-22.50701],[-44.66354,-22.49957],[-44.6597,-22.49554],[-44.65723,-22.49431],[-44.65473,-22.49229],[-44.65073,-22.4926],[-44.64655,-22.49547],[-44.63819,-22.49952],[-44.62554,-22.50425],[-44.59467,-22.50472],[-44.59265,-22.5041],[-44.58943,-22.5019],[-44.58177,-22.50086],[-44.57804,-22.49817],[-44.56391,-22.49274],[-44.56006,-22.48999],[-44.55314,-22.48913],[-44.54465,-22.48404],[-44.53158,-22.47951],[-44.521,-22.47223],[-44.51268,-22.46848],[-44.49413,-22.46639],[-44.47309,-22.46053],[-44.45898,-22.45972],[-44.44567,-22.4615],[-44.43887,-22.45959],[-44.32178,-22.44938],[-44.31196,-22.44979],[-44.30212,-22.45434],[-44.29783,-22.45357],[-44.29593,-22.45374],[-44.29417,-22.45472],[-44.29182,-22.45717],[-44.28972,-22.46162],[-44.28403,-22.46571],[-44.27659,-22.47286],[-44.26539,-22.47596],[-44.26277,-22.47799],[-44.26076,-22.48197],[-44.25727,-22.48426],[-44.25452,-22.48676],[-44.25308,-22.48713],[-44.24851,-22.48672],[-44.24678,-22.48733],[-44.24181,-22.49367],[-44.23629,-22.49762],[-44.23075,-22.49967],[-44.22564,-22.50455],[-44.21823,-22.51001],[-44.21644,-22.51235],[-44.20967,-22.51435],[-44.20807,-22.51681],[-44.20571,-22.5186],[-44.20415,-22.52132],[-44.19655,-22.52809],[-44.19524,-22.53106],[-44.19622,-22.53403],[-44.19605,-22.53534],[-44.19012,-22.54357],[-44.1886,-22.5448],[-44.18431,-22.54619],[-44.18269,-22.551],[-44.18165,-22.55221],[-44.17731,-22.55287],[-44.17389,-22.55453],[-44.17322,-22.55568],[-44.17249,-22.56029],[-44.17082,-22.56257],[-44.16917,-22.56292],[-44.16353,-22.56123],[-44.15845,-22.56271],[-44.15508,-22.56089],[-44.15067,-22.56033],[-44.1468,-22.56201],[-44.14507,-22.56206],[-44.14108,-22.56081],[-44.13784,-22.56086],[-44.13114,-22.55637],[-44.12857,-22.55626],[-44.12233,-22.56063],[-44.12194,-22.56181],[-44.12236,-22.5651],[-44.12137,-22.5683],[-44.12016,-22.56935],[-44.11713,-22.56985],[-44.11563,-22.57091],[-44.11518,-22.57227],[-44.11544,-22.57481],[-44.11489,-22.57641],[-44.11054,-22.58094],[-44.1095,-22.58424],[-44.10726,-22.5861],[-44.10589,-22.58869],[-44.1046,-22.58973],[-44.10259,-22.58999],[-44.08841,-22.58742],[-44.0851,-22.58798],[-44.07604,-22.59264],[-44.07037,-22.5929],[-44.06822,-22.59233],[-44.06151,-22.58845],[-44.05572,-22.5859],[-44.03896,-22.58232],[-44.02999,-22.58197],[-44.02307,-22.58095],[-44.02054,-22.58207],[-44.01655,-22.58604],[-44.01138,-22.58608],[-43.99894,-22.58299],[-43.98874,-22.57938],[-43.98534,-22.57751],[-43.98363,-22.57739],[-43.97793,-22.58109],[-43.97353,-22.58259],[-43.96111,-22.58356],[-43.95834,-22.58593],[-43.95443,-22.59634],[-43.95179,-22.59903],[-43.94824,-22.5998],[-43.94107,-22.59944],[-43.93592,-22.60273],[-43.93489,-22.60672],[-43.93227,-22.60894],[-43.93164,-22.61003],[-43.93156,-22.61318],[-43.93209,-22.61524],[-43.93172,-22.61643],[-43.92859,-22.61808],[-43.92144,-22.62381],[-43.91622,-22.62499],[-43.91001,-22.6304],[-43.90259,-22.63514],[-43.90113,-22.63699],[-43.8993,-22.63833],[-43.89012,-22.65758],[-43.88604,-22.66323],[-43.88505,-22.66399],[-43.88084,-22.66536],[-43.87203,-22.66492],[-43.86722,-22.66667],[-43.86362,-22.66573],[-43.86131,-22.66698],[-43.85915,-22.66723],[-43.85557,-22.66953],[-43.85252,-22.6688],[-43.84902,-22.66554],[-43.84699,-22.66633],[-43.84505,-22.66632],[-43.84228,-22.66715],[-43.84141,-22.66688],[-43.84021,-22.66546],[-43.83875,-22.66626],[-43.83835,-22.66977],[-43.83555,-22.66922],[-43.83612,-22.67132],[-43.83443,-22.67355],[-43.83042,-22.67066],[-43.82895,-22.66865],[-43.8269,-22.66834],[-43.82674,-22.66944],[-43.82785,-22.66996],[-43.82885,-22.67168],[-43.82884,-22.67259],[-43.82988,-22.67338],[-43.83022,-22.67472],[-43.83102,-22.67508],[-43.83143,-22.67594],[-43.83363,-22.67604],[-43.83443,-22.67777],[-43.8354,-22.67819],[-43.83587,-22.67932],[-43.83974,-22.67953],[-43.8399,-22.68031],[-43.83848,-22.67978],[-43.83549,-22.68037],[-43.83443,-22.67861],[-43.83243,-22.6786],[-43.83091,-22.67743],[-43.8302,-22.67744],[-43.82927,-22.67822],[-43.82946,-22.67928],[-43.82878,-22.68115],[-43.82675,-22.68307],[-43.82514,-22.68327],[-43.82342,-22.67995],[-43.822,-22.67826],[-43.8197,-22.6779],[-43.81776,-22.67687],[-43.8166,-22.67707],[-43.81348,-22.681],[-43.81366,-22.68529],[-43.81138,-22.68674],[-43.80304,-22.6896],[-43.7947,-22.68888],[-43.78523,-22.69197],[-43.77983,-22.69451],[-43.77845,-22.69452],[-43.77337,-22.693],[-43.77187,-22.69312],[-43.76417,-22.69938],[-43.75937,-22.70101],[-43.75129,-22.70023],[-43.74782,-22.70256],[-43.73962,-22.7057],[-43.73742,-22.70798],[-43.73479,-22.71268],[-43.73266,-22.71404],[-43.68371,-22.72101],[-43.62748,-22.72974],[-43.61962,-22.7318],[-43.6174,-22.73165],[-43.61162,-22.72986],[-43.60017,-22.7316],[-43.59593,-22.73121],[-43.587,-22.7291],[-43.5771,-22.72936],[-43.57126,-22.7301],[-43.56287,-22.72998],[-43.56,-22.73095],[-43.55571,-22.73421],[-43.55341,-22.73532],[-43.54153,-22.73632],[-43.51051,-22.74434],[-43.50649,-22.74381],[-43.4932,-22.73819],[-43.49011,-22.7376],[-43.45968,-22.74],[-43.4558,-22.74074],[-43.45198,-22.74248],[-43.427,-22.75962],[-43.4125,-22.76699],[-43.39405,-22.77968],[-43.38935,-22.78176],[-43.38263,-22.78372],[-43.3229,-22.81718],[-43.32084,-22.81875],[-43.31994,-22.82121],[-43.31927,-22.82187],[-43.3175,-22.82186],[-43.31459,-22.82022],[-43.31097,-22.81983],[-43.30541,-22.81675],[-43.29578,-22.8145],[-43.29389,-22.8146],[-43.28836,-22.81633],[-43.27003,-22.83056],[-43.25501,-22.83887],[-43.2484,-22.84596],[-43.2473,-22.84877],[-43.24807,-22.86415],[-43.24719,-22.86945],[-43.24625,-22.87131],[-43.23862,-22.8816],[-43.2339,-22.88664],[-43.23112,-22.88716],[-43.22807,-22.88518],[-43.22698,-22.88502],[-43.22252,-22.88888],[-43.21788,-22.88943],[-43.21704,-22.89025],[-43.21447,-22.89572],[-43.21065,-22.89867],[-43.20004,-22.8946],[-43.19899,-22.8951],[-43.19492,-22.89347],[-43.19144,-22.89346],[-43.19057,-22.89439],[-43.18669,-22.89573],[-43.18765,-22.89834],[-43.18753,-22.89953],[-43.18421,-22.90219],[-43.18192,-22.90701],[-43.17861,-22.90636],[-43.17528,-22.90643],[-43.17488,-22.90754],[-43.17296,-22.90682]]}},{"type":"Feature","properties":{"name":"Rio de Janeiro \u2708 Salvador","mode":"bus","order":34},"geometry":{"type":"LineString","coordinates":[[-43.1729,-22.9068],[-38.5014,-12.9714]]}},{"type":"Feature","properties":{"name":"Salvador \u279c Itacar\u00e9","mode":"bus","order":35},"geometry":{"type":"LineString","coordinates":[[-38.5014,-12.97146],[-38.50225,-12.9715],[-38.5023,-12.97064],[-38.50351,-12.96899],[-38.50219,-12.96752],[-38.50111,-12.96725],[-38.50073,-12.96508],[-38.50108,-12.96098],[-38.49937,-12.95723],[-38.49624,-12.9568],[-38.49446,-12.95711],[-38.49018,-12.95875],[-38.47971,-12.96117],[-38.4791,-12.96394],[-38.4753,-12.95493],[-38.47493,-12.95168],[-38.47149,-12.94823],[-38.47013,-12.94391],[-38.47241,-12.93632],[-38.47077,-12.93122],[-38.46838,-12.9279],[-38.46779,-12.92245],[-38.46058,-12.91438],[-38.45649,-12.90641],[-38.45041,-12.89889],[-38.4459,-12.89193],[-38.44347,-12.88958],[-38.43724,-12.88567],[-38.43478,-12.8836],[-38.42596,-12.86987],[-38.40572,-12.81485],[-38.40323,-12.8067],[-38.40477,-12.79297],[-38.40592,-12.78938],[-38.40777,-12.78719],[-38.41267,-12.78386],[-38.41498,-12.78112],[-38.42769,-12.75651],[-38.43462,-12.7462],[-38.43858,-12.74163],[-38.43951,-12.73742],[-38.44028,-12.73591],[-38.44722,-12.73059],[-38.44835,-12.72924],[-38.45325,-12.71426],[-38.45522,-12.71226],[-38.46056,-12.70941],[-38.46294,-12.70647],[-38.46383,-12.70363],[-38.4642,-12.69636],[-38.47154,-12.65904],[-38.48088,-12.62508],[-38.48445,-12.61742],[-38.48624,-12.61466],[-38.49918,-12.60404],[-38.51199,-12.59721],[-38.60202,-12.53041],[-38.60164,-12.52993],[-38.60122,-12.53047],[-38.60428,-12.53218],[-38.62743,-12.53582],[-38.62963,-12.53772],[-38.63109,-12.5416],[-38.63641,-12.54662],[-38.64632,-12.54866],[-38.6498,-12.55109],[-38.65114,-12.55474],[-38.65182,-12.55533],[-38.65499,-12.55407],[-38.65781,-12.55569],[-38.66097,-12.5547],[-38.66376,-12.55715],[-38.66604,-12.557],[-38.66953,-12.55865],[-38.67589,-12.55387],[-38.67848,-12.5528],[-38.67903,-12.55088],[-38.68024,-12.54954],[-38.68411,-12.54834],[-38.68537,-12.54861],[-38.69223,-12.55311],[-38.69736,-12.55211],[-38.69933,-12.55364],[-38.70007,-12.55373],[-38.70365,-12.55177],[-38.70453,-12.5532],[-38.7053,-12.55316],[-38.70405,-12.55475],[-38.70243,-12.55525],[-38.70277,-12.55634],[-38.70785,-12.56204],[-38.70993,-12.56697],[-38.71385,-12.57096],[-38.71574,-12.57423],[-38.71647,-12.57797],[-38.71979,-12.58505],[-38.72333,-12.58807],[-38.72506,-12.58864],[-38.73103,-12.58865],[-38.73719,-12.58504],[-38.74668,-12.58375],[-38.74867,-12.58211],[-38.75158,-12.58067],[-38.75539,-12.57329],[-38.75829,-12.57154],[-38.76128,-12.56875],[-38.76599,-12.57069],[-38.7681,-12.57085],[-38.77359,-12.57276],[-38.7755,-12.57683],[-38.77407,-12.58049],[-38.77463,-12.58144],[-38.77942,-12.58223],[-38.78301,-12.5817],[-38.80775,-12.56822],[-38.82244,-12.54659],[-38.82449,-12.54479],[-38.82687,-12.54415],[-38.85504,-12.54424],[-38.85656,-12.54488],[-38.86813,-12.55491],[-38.86964,-12.55817],[-38.86897,-12.5609],[-38.87108,-12.56276],[-38.87217,-12.56242],[-38.87322,-12.56004],[-38.87437,-12.55964],[-38.88011,-12.56416],[-38.88398,-12.56424],[-38.8869,-12.56531],[-38.88896,-12.56553],[-38.89046,-12.56662],[-38.89056,-12.57041],[-38.89098,-12.57135],[-38.89859,-12.57554],[-38.89997,-12.57493],[-38.90186,-12.57113],[-38.90897,-12.57008],[-38.91411,-12.57315],[-38.93696,-12.58119],[-38.93818,-12.58306],[-38.93977,-12.58428],[-38.94292,-12.58594],[-38.94483,-12.58612],[-38.94781,-12.58845],[-38.94897,-12.59026],[-38.95189,-12.59131],[-38.95282,-12.59217],[-38.95348,-12.59391],[-38.95487,-12.59484],[-38.95827,-12.59579],[-38.96071,-12.59829],[-38.9619,-12.60021],[-38.96351,-12.60025],[-38.96419,-12.60227],[-38.96486,-12.60203],[-38.96556,-12.60385],[-38.96779,-12.60237],[-38.96983,-12.60578],[-38.96637,-12.60873],[-38.96494,-12.61077],[-38.96176,-12.61772],[-38.96189,-12.62002],[-38.96103,-12.62703],[-38.96104,-12.63782],[-38.95917,-12.64458],[-38.95783,-12.65834],[-38.9602,-12.66959],[-38.96076,-12.68077],[-38.96013,-12.68401],[-38.9577,-12.6854],[-38.95896,-12.68628],[-38.95907,-12.68811],[-38.95816,-12.69246],[-38.95809,-12.69796],[-38.95685,-12.6984],[-38.95389,-12.69825],[-38.95258,-12.69968],[-38.95095,-12.70272],[-38.94555,-12.70352],[-38.94447,-12.70502],[-38.94513,-12.70705],[-38.94429,-12.70918],[-38.94326,-12.70964],[-38.94055,-12.70964],[-38.93978,-12.71017],[-38.93941,-12.71238],[-38.94085,-12.7152],[-38.93981,-12.71731],[-38.93956,-12.71996],[-38.93895,-12.72133],[-38.93939,-12.72415],[-38.93692,-12.72532],[-38.9351,-12.72671],[-38.93345,-12.72885],[-38.931,-12.73026],[-38.92944,-12.73458],[-38.92928,-12.73833],[-38.92979,-12.74075],[-38.92768,-12.74566],[-38.92536,-12.74839],[-38.9247,-12.75015],[-38.92322,-12.75629],[-38.92266,-12.76147],[-38.92401,-12.76368],[-38.92449,-12.76999],[-38.92549,-12.77205],[-38.92837,-12.77307],[-38.93013,-12.7746],[-38.93078,-12.7758],[-38.93058,-12.77968],[-38.93154,-12.78313],[-38.92951,-12.78907],[-38.93079,-12.79331],[-38.93274,-12.79386],[-38.93337,-12.79523],[-38.93515,-12.79658],[-38.93406,-12.7989],[-38.93395,-12.80024],[-38.9361,-12.80653],[-38.93724,-12.8119],[-38.93793,-12.81242],[-38.9411,-12.81219],[-38.94355,-12.81485],[-38.94306,-12.81626],[-38.93823,-12.81842],[-38.93766,-12.81911],[-38.93792,-12.82049],[-38.93742,-12.8223],[-38.93847,-12.82477],[-38.93841,-12.82753],[-38.9391,-12.82952],[-38.93881,-12.83091],[-38.93919,-12.83286],[-38.94164,-12.83407],[-38.94539,-12.83447],[-38.9492,-12.83927],[-38.9525,-12.84222],[-38.95266,-12.84363],[-38.95122,-12.84816],[-38.95052,-12.85259],[-38.95305,-12.85485],[-38.95528,-12.85507],[-38.95591,-12.85555],[-38.95712,-12.86124],[-38.95852,-12.86169],[-38.96652,-12.86136],[-38.96879,-12.86374],[-38.97192,-12.86136],[-38.97464,-12.8611],[-38.97758,-12.85985],[-38.97907,-12.85993],[-38.98033,-12.86198],[-38.98332,-12.862],[-38.98429,-12.85981],[-38.98565,-12.85994],[-38.98765,-12.85875],[-38.99035,-12.85938],[-38.99145,-12.85841],[-38.99494,-12.85744],[-38.99988,-12.86214],[-39.00151,-12.86596],[-39.00444,-12.86746],[-39.00528,-12.86895],[-39.00471,-12.87103],[-39.00609,-12.87191],[-39.00769,-12.87254],[-39.00849,-12.87223],[-39.01133,-12.87004],[-39.01233,-12.86999],[-39.01291,-12.86931],[-39.01436,-12.86931],[-39.0147,-12.86772],[-39.01825,-12.86865],[-39.01894,-12.86974],[-39.02018,-12.87046],[-39.02291,-12.86793],[-39.02424,-12.87008],[-39.02513,-12.87026],[-39.02558,-12.87438],[-39.03014,-12.87717],[-39.02863,-12.87919],[-39.0272,-12.88406],[-39.02525,-12.88723],[-39.02451,-12.89119],[-39.02296,-12.89336],[-39.02054,-12.8934],[-39.01915,-12.89413],[-39.01814,-12.89729],[-39.01841,-12.8989],[-39.01785,-12.90066],[-39.01504,-12.90337],[-39.0149,-12.90406],[-39.01597,-12.90622],[-39.01508,-12.9087],[-39.01235,-12.90962],[-39.0091,-12.90929],[-39.00873,-12.91011],[-39.00635,-12.91207],[-39.00447,-12.91239],[-39.00378,-12.91357],[-39.00437,-12.91864],[-39.00214,-12.9194],[-39.00021,-12.92187],[-38.99654,-12.92325],[-38.99581,-12.92624],[-38.99413,-12.929],[-38.98796,-12.92979],[-38.98717,-12.93029],[-38.98705,-12.93176],[-38.98433,-12.93394],[-38.98294,-12.9358],[-38.98299,-12.93755],[-38.97845,-12.9402],[-38.97707,-12.94006],[-38.97282,-12.94553],[-38.97139,-12.94928],[-38.96848,-12.95034],[-38.9676,-12.95156],[-38.96494,-12.95326],[-38.96458,-12.9544],[-38.96333,-12.95455],[-38.96227,-12.9554],[-38.96212,-12.95716],[-38.96151,-12.9581],[-38.96047,-12.95849],[-38.95985,-12.96065],[-38.95828,-12.9623],[-38.95719,-12.96306],[-38.95542,-12.96217],[-38.9544,-12.96229],[-38.95221,-12.96662],[-38.95244,-12.96852],[-38.95123,-12.97452],[-38.95679,-12.97542],[-38.95898,-12.97699],[-38.95958,-12.97841],[-38.96412,-13.00282],[-38.96507,-13.00422],[-38.97237,-13.01042],[-38.97566,-13.01398],[-38.98489,-13.01755],[-38.98624,-13.01928],[-38.98756,-13.02396],[-38.99247,-13.02821],[-38.99425,-13.02831],[-38.99627,-13.02577],[-38.99862,-13.02494],[-39.00404,-13.02881],[-39.0134,-13.02897],[-39.01828,-13.0328],[-39.01701,-13.03395],[-39.01692,-13.03496],[-39.01773,-13.03525],[-39.01811,-13.03598],[-39.01518,-13.03852],[-39.014,-13.04133],[-39.01311,-13.04164],[-39.01003,-13.04133],[-39.00797,-13.04238],[-39.00613,-13.04204],[-39.00517,-13.04285],[-39.0065,-13.04538],[-39.00712,-13.04903],[-39.0052,-13.0541],[-39.00711,-13.05875],[-39.00707,-13.06031],[-39.00429,-13.06428],[-39.00393,-13.06813],[-39.00303,-13.07072],[-39.00018,-13.07443],[-38.9953,-13.08273],[-39.00205,-13.11454],[-39.00365,-13.12786],[-39.00258,-13.13201],[-39.00366,-13.13793],[-39.00362,-13.14483],[-39.00438,-13.14621],[-39.0084,-13.14951],[-39.00867,-13.15031],[-39.00656,-13.15472],[-39.00414,-13.15771],[-39.004,-13.16094],[-39.00761,-13.1724],[-39.00735,-13.17576],[-39.00902,-13.18485],[-39.00885,-13.18889],[-39.00978,-13.19154],[-39.01515,-13.20077],[-39.02684,-13.20533],[-39.02757,-13.20722],[-39.02724,-13.21065],[-39.02789,-13.21364],[-39.03051,-13.21854],[-39.03,-13.22167],[-39.03407,-13.22811],[-39.03367,-13.22993],[-39.03157,-13.23217],[-39.03154,-13.23504],[-39.03267,-13.23618],[-39.03845,-13.23848],[-39.0394,-13.23987],[-39.0393,-13.24425],[-39.04017,-13.249],[-39.03947,-13.2551],[-39.04053,-13.26051],[-39.04079,-13.26534],[-39.03876,-13.26941],[-39.03869,-13.27522],[-39.03737,-13.2829],[-39.03786,-13.28451],[-39.04079,-13.28829],[-39.04098,-13.28931],[-39.03689,-13.29767],[-39.03414,-13.3062],[-39.03465,-13.31025],[-39.03379,-13.31301],[-39.0349,-13.3176],[-39.03696,-13.32071],[-39.04351,-13.32643],[-39.04734,-13.32736],[-39.04946,-13.32877],[-39.05417,-13.3298],[-39.05486,-13.33082],[-39.05497,-13.33346],[-39.05588,-13.33478],[-39.06015,-13.33515],[-39.0636,-13.33651],[-39.0651,-13.34051],[-39.06505,-13.34183],[-39.06069,-13.34867],[-39.06217,-13.35475],[-39.06744,-13.36138],[-39.07165,-13.36893],[-39.07295,-13.3684],[-39.07602,-13.37436],[-39.07584,-13.37527],[-39.07453,-13.37689],[-39.07423,-13.37902],[-39.07595,-13.38368],[-39.07647,-13.38751],[-39.07534,-13.39013],[-39.07577,-13.39781],[-39.07657,-13.40115],[-39.07507,-13.40368],[-39.07487,-13.40788],[-39.0759,-13.41563],[-39.07814,-13.41996],[-39.07746,-13.42488],[-39.07768,-13.43165],[-39.07867,-13.43627],[-39.08067,-13.44195],[-39.08271,-13.44526],[-39.08461,-13.44717],[-39.0891,-13.4595],[-39.08917,-13.46155],[-39.08787,-13.466],[-39.08789,-13.46825],[-39.09311,-13.49274],[-39.0937,-13.49407],[-39.09615,-13.49592],[-39.09698,-13.49856],[-39.097,-13.50081],[-39.09441,-13.50192],[-39.09381,-13.50345],[-39.09384,-13.50747],[-39.0932,-13.50892],[-39.09329,-13.51102],[-39.09459,-13.51503],[-39.09882,-13.51783],[-39.10043,-13.5198],[-39.10374,-13.52575],[-39.10416,-13.52763],[-39.10417,-13.53079],[-39.10159,-13.5323],[-39.10039,-13.5342],[-39.09983,-13.53785],[-39.10153,-13.5383],[-39.10097,-13.54038],[-39.10112,-13.54174],[-39.09971,-13.54329],[-39.09874,-13.54636],[-39.0991,-13.54885],[-39.10256,-13.55381],[-39.10422,-13.5547],[-39.10472,-13.55595],[-39.10478,-13.56232],[-39.10577,-13.56703],[-39.10492,-13.57154],[-39.10612,-13.57479],[-39.10632,-13.57725],[-39.10549,-13.58113],[-39.10625,-13.58255],[-39.10629,-13.58482],[-39.1053,-13.58683],[-39.10683,-13.58844],[-39.10784,-13.59041],[-39.10821,-13.59276],[-39.10671,-13.59609],[-39.1055,-13.59736],[-39.10628,-13.60048],[-39.10522,-13.60191],[-39.1028,-13.60365],[-39.10275,-13.60783],[-39.10329,-13.60967],[-39.10603,-13.61125],[-39.10828,-13.6171],[-39.11129,-13.62031],[-39.11194,-13.6227],[-39.11124,-13.62684],[-39.11405,-13.63143],[-39.11485,-13.63362],[-39.11501,-13.63604],[-39.11617,-13.63859],[-39.11671,-13.64489],[-39.11985,-13.65025],[-39.11975,-13.65135],[-39.11775,-13.65479],[-39.11522,-13.65664],[-39.1153,-13.658],[-39.11584,-13.65869],[-39.11867,-13.65992],[-39.11764,-13.6622],[-39.11813,-13.66422],[-39.12018,-13.66646],[-39.12669,-13.68024],[-39.12814,-13.68505],[-39.13346,-13.69241],[-39.13302,-13.6964],[-39.13511,-13.69824],[-39.13584,-13.702],[-39.13699,-13.7029],[-39.13876,-13.70614],[-39.14465,-13.71929],[-39.14614,-13.72406],[-39.14496,-13.72602],[-39.1447,-13.7339],[-39.14866,-13.73707],[-39.15105,-13.74282],[-39.15132,-13.74475],[-39.15282,-13.74756],[-39.15449,-13.75569],[-39.15414,-13.75645],[-39.15245,-13.75593],[-39.15173,-13.75666],[-39.15335,-13.76749],[-39.15339,-13.77152],[-39.15453,-13.77276],[-39.15422,-13.77802],[-39.15184,-13.7895],[-39.15329,-13.79401],[-39.15329,-13.7955],[-39.1498,-13.80716],[-39.14894,-13.80879],[-39.14909,-13.81045],[-39.14802,-13.81357],[-39.14546,-13.8181],[-39.14238,-13.82052],[-39.14209,-13.82322],[-39.14308,-13.826],[-39.14182,-13.82758],[-39.1393,-13.83663],[-39.13825,-13.83883],[-39.13838,-13.84066],[-39.1373,-13.84376],[-39.13706,-13.84863],[-39.13461,-13.85151],[-39.1335,-13.85656],[-39.13518,-13.86102],[-39.13681,-13.86807],[-39.13491,-13.87336],[-39.13688,-13.87928],[-39.13949,-13.88334],[-39.13937,-13.88659],[-39.13844,-13.89068],[-39.13885,-13.89474],[-39.13839,-13.89537],[-39.13567,-13.8965],[-39.13328,-13.90265],[-39.13272,-13.90904],[-39.12615,-13.91555],[-39.12354,-13.92282],[-39.12254,-13.92441],[-39.11999,-13.92608],[-39.11567,-13.92785],[-39.10366,-13.94154],[-39.10394,-13.94349],[-39.10517,-13.94502],[-39.10492,-13.94562],[-39.1076,-13.94639],[-39.10696,-13.94789],[-39.10748,-13.95092],[-39.10654,-13.95583],[-39.10695,-13.96168],[-39.10842,-13.96964],[-39.10827,-13.97602],[-39.10726,-13.97942],[-39.10841,-13.98328],[-39.10807,-13.99039],[-39.10356,-13.99803],[-39.10126,-14.00351],[-39.10102,-14.00705],[-39.10209,-14.01172],[-39.10133,-14.01506],[-39.10031,-14.01579],[-39.09511,-14.01723],[-39.09458,-14.01823],[-39.09371,-14.02403],[-39.08631,-14.02789],[-39.08517,-14.02979],[-39.08618,-14.03443],[-39.08604,-14.04254],[-39.08311,-14.04956],[-39.08454,-14.05565],[-39.08846,-14.05868],[-39.08915,-14.06001],[-39.08881,-14.06564],[-39.08918,-14.07269],[-39.08811,-14.08132],[-39.08961,-14.08398],[-39.09225,-14.08624],[-39.09312,-14.08852],[-39.09017,-14.09419],[-39.08955,-14.09655],[-39.09372,-14.11544],[-39.09094,-14.12544],[-39.09089,-14.13847],[-39.09404,-14.14474],[-39.09495,-14.15097],[-39.09303,-14.1568],[-39.09465,-14.16413],[-39.09276,-14.17225],[-39.091,-14.17563],[-39.09169,-14.17881],[-39.09088,-14.18162],[-39.09188,-14.18741],[-39.09516,-14.19274],[-39.09653,-14.20023],[-39.10088,-14.20635],[-39.10071,-14.20982],[-39.10116,-14.21315],[-39.1004,-14.21648],[-39.09845,-14.22036],[-39.09669,-14.2258],[-39.0854,-14.23205],[-39.08262,-14.2364],[-39.07912,-14.23782],[-39.07685,-14.2398],[-39.07226,-14.24055],[-39.07045,-14.24232],[-39.06982,-14.24496],[-39.06611,-14.24992],[-39.06482,-14.25293],[-39.0649,-14.25434],[-39.06618,-14.25765],[-39.06542,-14.26495],[-39.06436,-14.26744],[-39.06229,-14.26937],[-39.06115,-14.2717],[-39.05857,-14.27449],[-39.05942,-14.28416],[-39.05861,-14.28503],[-39.054,-14.28753],[-39.05367,-14.28954],[-39.0497,-14.2997],[-39.05026,-14.3041],[-39.04872,-14.30606],[-39.04804,-14.30621],[-39.04378,-14.30466],[-39.04094,-14.30623],[-39.03504,-14.311],[-39.0342,-14.31103],[-39.03237,-14.31004],[-39.03032,-14.31062],[-39.02813,-14.31034],[-39.02385,-14.31244],[-39.02093,-14.31029],[-39.02035,-14.30612],[-39.01976,-14.30532],[-39.01782,-14.30504],[-39.01516,-14.30728],[-39.01259,-14.30636],[-39.01167,-14.3054],[-39.01034,-14.30054],[-39.00622,-14.29719],[-39.00529,-14.29369],[-38.99894,-14.29163],[-38.99757,-14.28462],[-38.99528,-14.2804],[-38.9952,-14.27737],[-38.99565,-14.27708]]}}]}